'trust lord shoo typhoon',typhoon
'look ways donate victim check out list',typhoon
'wind get now can hear rain help us',typhoon
'ano bang si pa philippines brace typhoon return',typhoon
'death toll now',typhoon
'child stand wreckage village sur more help need',typhoon
'little cold outside today scare go outside cause typhoon head way dead so goodby',typhoon
'typhoon make landfall over oriental december',typhoon
'river now still rise',typhoon
'typhoon rescue crew philippine work find hundred miss people remote village',typhoon
'typhoon hit expect people valley philippine expect typhoon',typhoon
'philippine typhoon death toll pass',typhoon
'typhoon move north northwest max sustain wind near center amp up',typhoon
'please may get help people agency',typhoon
'expect pass south  oscar',typhoon
'de university suspend class preschool grade school high school',typhoon
'typhoon thump philippine read full report here',typhoon
'have million peso side right now id give half victim',typhoon
'news typhoon make landfall philippine initial report show damage so far',typhoon
'image day super typhoon',typhoon
'typhoon head philippine',typhoon
'house member give salary victim',typhoon
'news typhoon forecast strike philippines gmt blog r',typhoon
'typhoon hit kill more people',typhoon
'miss anne raise fund victim typhoon one ask join',typhoon
'prayer think go god there guy',typhoon
'eye typhoon locate west city e',typhoon
'let do help victim typhoon tss sa',typhoon
'in de suspend class level evacuation start',typhoon
'let pray who affect typhoon let pray soul casualty',typhoon
'victim beg food have mercy us please donate one sign say',typhoon
'special prayer morning mindanao typhoon victim survivor',typhoon
'super typhoon threaten hit philippines',typhoon
'accept aid victim',typhoon
'update typhoon time coordinate position be december n km',typhoon
'load up caffeine so ill awake worse come no',typhoon
'total blackout over peninsula',typhoon
'latest dead injure miss due typhoon',typhoon
'let u pray fellow filipino mindanao region',typhoon
'twitter monitor t gen update class suspension relief rescue',typhoon
'drop off center friend help victim',typhoon
'oh prayer need typhoon storm hit mindanao two decade',typhoon
'class entire university suspend due no office work well keep safe',typhoon
'death toll typhoon philippines climb more',typhoon
'please send help boston oriental need help',typhoon
'signal no sa even threat who',typhoon
'saviour people holy blood keep safe amen',typhoon
'now press brief typhoon',typhoon
'food water shelter high priority need affect area',typhoon
'continue pray mindanao god calamity keep safe',typhoon
'news story information log',typhoon
'nasa infrared data show typhoon restrengthen south china sea typhoon cause',typhoon
'manila accept donation typhoon bank sa ca',typhoon
'ko ka feel brother little brother',typhoon
'philippine hit typhoon more people move shelter typhoon hit philippines',typhoon
'philippines brace typhoon return',typhoon
'pray people sur typhoon',typhoon
'rain here typhoon suspend today',typhoon
'de el en',typhoon
'video typhoon hit philippine',typhoon
'schedule visit victim tom sec dinky first stop',typhoon
'typhoon update report total serve food item family item family',typhoon
'let help mindanao need donation volunteer keep',typhoon
'typhoon may hit northern mindanao tuesday',typhoon
'typhoon update resident number call work suspension share thank',typhoon
'typhoon kill least entire family wash',typhoon
'operation activate even typhoon continue threaten part country',typhoon
'kc concepcion help world food program relief effort mindanao victim typhoon',typhoon
'roll out emergency response town devastate mindanao',typhoon
'signal no negro oriental s negro occidental antique n',typhoon
'pang ng landfall si sa ng weather central sa',typhoon
'resident be prompt evacuate',typhoon
'far know think hit city so',typhoon
'latest dead injure miss',typhoon
'sec dialogue typhoon survivor',typhoon
'european union donate assistance victim typhoon',typhoon
'typhoon hit philippines country director quote here',typhoon
'more prepare leave',typhoon
'keep safe pray god',typhoon
'go mindanao help victim typhoon',typhoon
'claim first casualty',typhoon
'keep safe come',typhoon
'no confirm casualty landslide report valley',typhoon
'ng typhoon na sa safe',typhoon
'please pray affect typhoon philippines',typhoon
'typhoon km east area responsibility move par dinnertime',typhoon
'echo monitor see latest flash report',typhoon
'cluster mobilize response community support government get latest',typhoon
'same near',typhoon
'no class office xavier university level tomorrow december',typhoon
'sa na',typhoon
'follow time time update',typhoon
'typhoon bring rain mm',typhoon
'ka',typhoon
'lose period no meaning now attention',typhoon
'signal sur',typhoon
'update typhoon',typhoon
'typhoon come signal no please pray mindanao best way help people survive type',typhoon
'typhoon move philippine',typhoon
'have use use fund help area devastate typhoon',typhoon
'latest news typhoon lash philippines australian',typhoon
'accord news hope prepare',typhoon
'ready panic buy light can good amp bread hotel resident reside flood area',typhoon
'typhoon rescue crew philippines work find hundred miss people remote village',typhoon
'start rain wag ang mo',typhoon
'send love blessing friend philippines',typhoon
'even raise more million victim amount raise si',typhoon
'gather donation victim may lord bless bless',typhoon
'typhoon make landfall luzon',typhoon
'typhoon head mph wind',typhoon
'news break',typhoon
'storm signal class high school suspend today dec',typhoon
'congressman shell out aid',typhoon
'typhoon name hit name oh',typhoon
'typhoon head philippines',typhoon
'let u pray who hit typhoon',typhoon
'let us pray fellow filipino mindanao region',typhoon
'condole victim typhoon time thousand affect community',typhoon
'philippine have death cause event last year',typhoon
'update no re effect typhoon december',typhoon
'blow now',typhoon
'now brink heavy flood river start overflow',typhoon
'super typhoon now approach mindanao philippine',typhoon
'kill evacuate typhoon hit philippines',typhoon
'typhoon now hit u class suspend',typhoon
'search continue more miss fisherman fisherman survive days sea',typhoon
'ang na po na mindanao',typhoon
'slow down weaken further over may delay exit par',typhoon
'announce open business today due',typhoon
'news philippine typhoon death toll pass',typhoon
'hope can get time lord please keep u take care one love',typhoon
'nothing best victim typhoon god provide',typhoon
'help provide relief assistance family affect typhoon donate',typhoon
'google provide support philippines crisis response map typhoon google crisis t',typhoon
'wind here south rainfall last night',typhoon
'update power out area source resident',typhoon
'ph announcement  city make mayor michael rama hour',typhoon
'stay safe philippines',typhoon
'eat area demolish typhoon need build one',typhoon
'let help victim typhoon cash donation accept metro card club wish',typhoon
'philippine congressman typhoon devastate mindanao day come ac',typhoon
'sa tala ng na ang pa ang sa',typhoon
'sa army death toll nasa sa tala ng ng ang',typhoon
'read foundation typhoon relief drive can help',typhoon
'heavy rain can now feel typhoon stay safe',typhoon
'pray philippines mindanao keep safe',typhoon
'dark sky sway tree super wind',typhoon
'now british minister state hugo say speak ph official typhoon amp peace process',typhoon
'evacuee south central school get wet inside gym request principal open classroom',typhoon
'oh no sana ma cancel ang flight ng dad q keep safe',typhoon
'xavier de tues dec declare father bobby yap',typhoon
'philippine death toll typhoon rise confirm dead dec',typhoon
'potential disaster unfold super typhoon make landfall philippines island mindanao',typhoon
'advise mine bureau field agency issue advisory typhoon',typhoon
'wont happen typhoon recurve north carve trough imo pattern change',typhoon
'zero casualty please',typhoon
'typhoon update december',typhoon
'city aftermath',typhoon
'good morning dissolve',typhoon
'pray victim place safety people',typhoon
'news uk still miss philippines number people miss typhoon sweep th',typhoon
'official announcement class suspend tertiary level de university today dec',typhoon
'death toll typhoon philippine jump hundred still miss national disaster agency say',typhoon
'freedom news typhoon death toll jump',typhoon
'ford moment ny',typhoon
'category super typhoon approach philippines resolution suomi ir image',typhoon
'na sa ang ng pa ang sa ng sa ni',typhoon
'prayer who go rage storm stay safe',typhoon
'body recover over still miss due typhoon lord keep u sensitive need',typhoon
'do something amaze christmas share donate help victim typhoon god gi',typhoon
'let pray victim typhoon',typhoon
'let pray victim typhoon believe it call u need take care mother earth',typhoon
'director oscar say  experience kph wind moderate rain a',typhoon
'eye typhoon locate over valley e',typhoon
'bury dead typhoon death toll rise bad weather hamper search survivor',typhoon
'prayer path typhoon',typhoon
'head up photo mine',typhoon
'look photo tt typhoon focus atlantic',typhoon
'family friend stay safe',typhoon
'or kill poor',typhoon
'lift public storm warn signal central december',typhoon
'rain wind stop here pa',typhoon
'current situation typhoon',typhoon
'typhoon enter philippine area responsibility safe',typhoon
'ops need road access help report condition map',typhoon
'alert typhoon hit philippines year',typhoon
'hear da typhoon victim more desperate continue struggle order survive recover',typhoon
'typhoon people dead valley dead oriental',typhoon
'incoming typhoon may bring rain wind typhoon approach',typhoon
'video typhoon hit philippines typhoon strike philippine cause flood a',typhoon
'begin feel',typhoon
'signal negro oriental s negro occidental antique n be',typhoon
'la en',typhoon
'death toll climb wake super typhoon',typhoon
'philippine bury dead typhoon death toll rise bad weather hamper search survivor',typhoon
'sa ng ng include know friend pray',typhoon
'eye typhoon locate km southeast sur',typhoon
'camera image typhoon get near philippine area responsibility',typhoon
'philippine typhoon death toll pass official philippines say death toll typhoon ha',typhoon
'typhoon expect bring rain metro manila thursday no',typhoon
'storm watch need help',typhoon
'crop damage recognize food basket mindanao may amount million',typhoon
'filipino dubai raise fund victim',typhoon
'po ang ng po ng sa',typhoon
'no report casualty damage typhoon make landfall philippine',typhoon
'update typhoon international name typhoon typhoon enter philippine',typhoon
'latest report dead hurt',typhoon
'say typhoon expect get reach maximum strength still th',typhoon
'video young boy pull typhoon mud number dead typhoon batter',typhoon
'un use social medium response typhoon update',typhoon
'nasa rainfall manila philippine heavy rain be spawn typhoon',typhoon
'focus typhoon last week philippines strike typhoon',typhoon
'accord a dec',typhoon
'typhoon ng sa par',typhoon
'super typhoon',typhoon
'rain thunderstorm near no power area',typhoon
'palace statement relief operations',typhoon
'city town may donate calamity fund area typhoon',typhoon
'go long way affect drop booth tom fri pm',typhoon
'leave few day news philippines typhoon death toll rise',typhoon
'ng sa nasa na',typhoon
'pack folder handy prepare storm tomorrow',typhoon
'negro occidental now signal no',typhoon
'death toll climb wake super typhoon common dream',typhoon
'week',typhoon
'hope can come home today there heavy rainfall way now prepare',typhoon
'god good morning',typhoon
'weather bulletin cyclone warn typhoon issue pm',typhoon
'woman son find bataan',typhoon
'update forecast track',typhoon
'mayor rama declare no class tomorrow typhoon',typhoon
'destruction super typhoon situation report',typhoon
'mine log blame devastation bring typhoon',typhoon
'typhoon public storm warn signal sa sa',typhoon
'first have hope hi family find now pray body bury',typhoon
'help way',typhoon
'news philippines typhoon leave over dead',typhoon
'situation report effect typhoon december be',typhoon
'tomorrow help relief drive feel free tweet me want send donation',typhoon
'it feel lot typhoon keep safe',typhoon
'forecast track super typhoon it boy scout time',typhoon
'force mama eat tomorrow go work workaholic cant afford absent tsk',typhoon
'update typhoon death toll time two philippine palau more hit',typhoon
'bridge get destroy water rise up now enter subdivision good lord keep safe',typhoon
'typhoon local name now inside philippine area responsibility storm signal warning be',typhoon
'update dead trento noel',typhoon
'typhoon head philippines typhoon bear down',typhoon
'typhoon death toll rise death toll typhoon philippine increase more t',typhoon
'stay safe philippine send out love amp prayer way jakarta indonesia',typhoon
'utter destruction east coast near',typhoon
'tweet update re prep area may need',typhoon
'weather estimate typhoon may make landfall vicinity',typhoon
'take note storm typhoon keep safe',typhoon
'rescue run typhoon start donation',typhoon
'lot still need help read evacuation center',typhoon
'typhoon smash philippines people cram shelter escape storm onslaught',typhoon
'eye typhoon locate northwest northern',typhoon
'prep typhoon stock em can charge watch tod',typhoon
'school devastate child cant go back school',typhoon
'typhoon death toll mindanao please help survivor call amp donate',typhoon
'predict say typhoon more have almighty god spare u harm',typhoon
'buy dynamo flashlight lighter case',typhoon
'course pray family resident stay safe',typhoon
'sheet provide temporary shelter material family need',typhoon
'super typhoon now be feel take underestimate typhoon',typhoon
'na ang sa oh',typhoon
'aftermath super typhoon video touch heart soul',typhoon
'typhoon closer more area storm signal',typhoon
'globe telecom experience service interruption due fiber optic cut area',typhoon
'typhoon pound philippines typhoon pound philippine uproot',typhoon
'relief effort victim typhoon as december',typhoon
'appeal generosity affect typhoon',typhoon
'de el w en el ano pac',typhoon
'dead injure miss person evacuation center',typhoon
'develop image weather northwest city more detail',typhoon
'good na sa pray mindanao ano b ka ng time ny',typhoon
'have class day due typhoon',typhoon
'have mercy us lord spare live innocent grant recovery afflict',typhoon
'pray area affect typhoon safe prayer w',typhoon
'typhoon devastate more victim thousand affect pray',typhoon
'xavier university call volunteer man evacuation center main campus',typhoon
'relief operations area id like volunteer',typhoon
'follow tweet more update typhoon',typhoon
'so so',typhoon
'operation typhoon signal no still raise  program',typhoon
'blogger post update re typhoon let prepare guy',typhoon
'typhoon threaten philippine cloud formation see destroy banana plantation',typhoon
'pray amp mindanao hit disaster ka na',typhoon
'perform typhoon victim watch artist',typhoon
'wonder rich musician hold benefit concert typhoon kill over people',typhoon
'philippine storm more dead hundred more miss wake typhoon defence office',typhoon
'defense sec voltaire meet his man',typhoon
'light go off',typhoon
'typhoon head area signal plow mindanao day',typhoon
'follow update information regard typhoon',typhoon
'ambassador distribute food valley one',typhoon
'group call cash donation area affect typhoon detail here',typhoon
'bring wind flash flood report worst typhoon decade hit philippine',typhoon
'typhoon expect typhoon keep safe keep calm pray',typhoon
'google provide support philippine crisis response map typhoon',typhoon
'lord wag pong tao sa',typhoon
'typhoon hit philippines kill over',typhoon
'super typhoon bear down philippines',typhoon
'army confirm dead injure flashflood dead include soldier',typhoon
'typhoon death toll top philippines score miss area video bataan philip',typhoon
'typhoon expect out ph area responsibility friday afternoon',typhoon
'see anything like valley',typhoon
'typhoon wreak havoc philippine negotiator urge nation address warm',typhoon
'now super storm ravage',typhoon
'philippine kill least hundred miss',typhoon
'typhoon hit philippines tuesday forecast safe amp prepare',typhoon
'text give donate help family affect typhoon',typhoon
'kayo sa mindanao stay safe pray use ne',typhoon
'northern part  no pour rain thank drop',typhoon
'interest philippine death toll typhoon rise news death toll please',typhoon
'weather bulletin cyclone warn storm issue be',typhoon
'weaken storm warning area',typhoon
'look like head',typhoon
'so true over news day while dead make space page',typhoon
'look yesterday be menace',typhoon
'track ng ng par ang weather update',typhoon
'mo charge na din para d',typhoon
'accept consequence wrong decision make',typhoon
'appeal fund assist people leave typhoon',typhoon
'humanitarian crisis philippine follow typhoon',typhoon
'help victim mvp now',typhoon
'disaster relief effort affect typhoon assistance national',typhoon
'na public storm warn signal sa ng',typhoon
'mt level tomorrow dec',typhoon
'have idea roads bataan',typhoon
'si sana hindi na na postpone ang ga clear na sa thursday',typhoon
'ka ha',typhoon
'press conference pm weather update',typhoon
'view today special morning coverage typhoon dec',typhoon
'prayer w friend philippines recover typhoon god',typhoon
'typhoon ng tao tsk tsk',typhoon
'wind equal category hurricane imagery frighten super typhoon bear down philippines',typhoon
'typhoon leave hundred fisherman miss philippines',typhoon
'typhoon kill miss philippine',typhoon
'need more child clothe mat blanket flashlight generator set tent',typhoon
'let pray victim typhoon valley bataan place reach',typhoon
'orphan kid traumatize typhoon',typhoon
'people affect philippine typhoon',typhoon
'ambassador kc concepcion share concern laud effort respond crisis',typhoon
'kill least manila philippine death toll typhoon',typhoon
'bend down lift up good heart victim call out help',typhoon
'social medium wrap wrath',typhoon
'na sa manila',typhoon
'why certify bill real urgency authorize budget hit need',typhoon
'ang may ng sa na',typhoon
'forecast track',typhoon
'hoy china na si sa na kami sa',typhoon
'class suspension super typhoon december',typhoon
'nasa super typhoon',typhoon
'let forget typhoon affect palau',typhoon
'way donate amp multiply',typhoon
'outside typhoon go please',typhoon
'extend help affect countryman red cross red',typhoon
'dear volunteer friend teach me lot compassion thank',typhoon
'base datum tomorrow pm southwest',typhoon
'suspend class tomorrow due typhoon',typhoon
'hit mindanao please help us pray safety',typhoon
'eye typhoon locate south city or southeast city e',typhoon
'hope ok back home philippine no one hurt due typhoon',typhoon
'typhoon gd ang ng pa pray ta aah',typhoon
'typhoon cat make landfall slam philippine island m',typhoon
'pray who die',typhoon
'typhoon due arrive',typhoon
'xmas people who affect super typhoon call so challenge full trauma',typhoon
'typhoon close philippine second time peak wind still over mph',typhoon
'survivor loot shop philippine survivor philippine typhoon loot',typhoon
'quake cause panic oriental',typhoon
'twist typhoon strike philippines twist typhoon',typhoon
'dead injure due typhoon',typhoon
'now it rain damn',typhoon
'lord help people who need now who affect know guide',typhoon
'now cross',typhoon
'may joke',typhoon
'cold weather',typhoon
'up ang ng si',typhoon
'rain start island please pray signal',typhoon
'typhoon east',typhoon
'boom jut like donate victim typhoon',typhoon
'hope over',typhoon
'amp move fast bring hope people affect typhoon',typhoon
'no today light news typhoon amp safety amp mindanao stay safe po',typhoon
'far city concern no longer have electricity well landline',typhoon
'signal sur la union',typhoon
'wind billboard fall here near mindanao glassware magnum news',typhoon
'mo pa ang po',typhoon
'more photo come typhoon philippine destruction valley',typhoon
'watcher storm upgrade typhoon',typhoon
'ang d',typhoon
'typhoon return philippines manila heavy rain bring flood fear n',typhoon
'raise signal number over',typhoon
'heavy rain expect prevail city amp town',typhoon
'typhoon hit south philippines people believe have be evacuate home detail',typhoon
'more aid pour area more relief good now way typhoon',typhoon
'can believe over live claim lose make',typhoon
'go country thank visit come back d have pity us',typhoon
'dear lord know wont give us anything cant handle please send give u christmas',typhoon
'sa mo ng ng ang ng ng',typhoon
'philippines rice crop typhoon',typhoon
'philippine storm signal no up over area',typhoon
'initial photo devastation bring typhoon bataan valley mindanao',typhoon
'typhoon kill dozen philippines',typhoon
'let pause minute pray victim',typhoon
'hurricane hit america pray death toll continue rise typhoon no one even mention',typhoon
'city gear up possible flood landslide prepare',typhoon
'ang ng',typhoon
'typhoon fear philippines miss news',typhoon
'may ba ang public school sa',typhoon
'playlist video so far',typhoon
'sana duty',typhoon
'buy firecracker urge public donate money victim agree',typhoon
'donate victim typhoon foundation open link more detail',typhoon
'buy gift child mindanao affect typhoon',typhoon
'dear typhoon please let us filipino enjoy christmas keep safe',typhoon
'ready assist identify typhoon victim',typhoon
'people confirm dead miss philippine typhoon',typhoon
'update monitor advisory class suspension circulate',typhoon
'pray people mindanao affect area',typhoon
'sa northern ang ara',typhoon
'sa ng po sa',typhoon
'tourism slogan it more fun philippine target foreigner typhoon ka',typhoon
'wake typhoon philippine typhoon typhoon kill hundred trig',typhoon
'typhoon maintain strength move west northwest',typhoon
'typhoon weaken move west',typhoon
'toy drive oriental',typhoon
'typhoon may return philippine',typhoon
'wrath wreck major bridge transport town affect',typhoon
'chill',typhoon
'government work suspend session help victim',typhoon
'may drop off donation branch dec please tell friend',typhoon
'latest situation report effect typhoon',typhoon
'volunteer need help survivor',typhoon
'alert na para sa ng',typhoon
'philippines still struggle reach typhoon survivor',typhoon
'let u pray victim typhoon',typhoon
'eye typhoon locate southeast sur',typhoon
'help donate or volunteer',typhoon
'busy typhoon do update',typhoon
'send us photo use hash tag stay safe',typhoon
'be eye locate km nw city n move nne kph',typhoon
'alert mode brace typhoon hit area tonight',typhoon
'eye typhoon locate northeast',typhoon
'update affect typhoon may make landfall over tuesday',typhoon
'trend now feel good hear fellow think peace let make happen',typhoon
'typhoon finish',typhoon
'rain drop now fall roof top signal no',typhoon
'typhoon expect enter ph tonight safe',typhoon
'eye typhoon locate west de city e',typhoon
'typhoon expect leave ph area responsibility sunday',typhoon
'off coverage pal board gate',typhoon
'typhoon forecast make landfall part mindanao tuesday dec joint',typhoon
'end world',typhoon
'weather typhoon make landfall vicinity oriental max wind kph',typhoon
'storm alert typhoon nw pacific storm alert issue dec gmt typhoon w',typhoon
'knock down banana tree f llama',typhoon
'philippine death toll typhoon rise',typhoon
'si ang sa na',typhoon
'least flight cancel due typhoon',typhoon
'oriental need water food clothing',typhoon
'area signal no typhoon near',typhoon
'university mindanao campus declare suspension class please disseminate thank',typhoon
'class level  city suspend tom',typhoon
'sweet dream sleep amp sleep well',typhoon
'location track typhoon',typhoon
'people cant enjoy holiday',typhoon
'foundation accept donation typhoon victim',typhoon
'hope casualty can help close dead due typhoon',typhoon
'effect believe have be accentuate mine company ravage area',typhoon
'typhoon smash philippine yahoo news',typhoon
'city hall hall command center activate dial',typhoon
'reschedule number flight typhoon',typhoon
'condole victim typhoon time thousand affect',typhoon
'strength let us alarm people',typhoon
'rain typhoon arrive dawn wake up sound rain can hear raindrop wind',typhoon
'ni ko na',typhoon
'typhoon latest track',typhoon
'signal capiz rest ',typhoon
'weather bulletin cyclone warn typhoon issue pm december',typhoon
'live tv patrol update typhoon sa mindanao',typhoon
'latest weather satellite image show typhoon position',typhoon
'signal northern include group island',typhoon
'water level river bridge station rise fast',typhoon
'advisory mobile phone service interruption area hit typhoon',typhoon
'send help or hit isolate bridge break need food water',typhoon
'level it university discretion order',typhoon
'dear lord sana sa',typhoon
'miner warn typhoon adopt disaster management official sunday urge',typhoon
'shut up',typhoon
'si gusto pa sa luzon na please',typhoon
'bring donation balsa mindanao formation sunset court city',typhoon
'typhoon death toll soar philippine',typhoon
'rain get here no more electricity',typhoon
'landfall expect hr mindanao rain project',typhoon
'tomorrow december palace declare national day mourn',typhoon
'poultry house down',typhoon
'philippines typhoon kill more people have die hundred more miss',typhoon
'dedicate fight victim typhoon',typhoon
'eye typhoon locate southwest city e',typhoon
'sa satellite ng nung december',typhoon
'there food tent bottle water thermos plastic crate amp basic supply survivor',typhoon
'super typhoon keep safe guy',typhoon
'heavy squall lash right now back end feeder back',typhoon
'keep open constant update live typhoon update',typhoon
'prayer people devastate pray may god show light amp may god give strength',typhoon
'more kill philippines typhoon pray fellow people',typhoon
'weather bulletin cyclone warn depression issue be',typhoon
'typhoon may return philippines',typhoon
'can help',typhoon
'typhoon head wednesday then bring rain metro manila',typhoon
'signal mi pa',typhoon
'globe telecom experience service interruption due fiber optic cut area city',typhoon
'victim ng typhoon',typhoon
'tally dead injure still miss wake',typhoon
'regain typhoon strength hour be downgrade storm',typhoon
'remain jam delegate who strand due typhoon have leave city today',typhoon
'hello sunshine d super',typhoon
'ang sa mindanao ng na na ang',typhoon
'afternoon class typhoon',typhoon
'death toll typhoon philippine up',typhoon
'be track typhoon head start sunday discuss',typhoon
'hi guy back manila na want help affect typhoon here s donate page',typhoon
'landslide loss typhoon',typhoon
'ur right better safe po',typhoon
'homeless',typhoon
'typhoon enter philippine area responsibility',typhoon
'typhoon impact bataan town compost',typhoon
'who want donate victim typhoon can contact u well assist donation',typhoon
'typhoon storm hit mindanao two decade',typhoon
' signal why so typhoon',typhoon
'stay safe amp mindanao',typhoon
'meet aaron victim typhoon bataan valley image',typhoon
'philippines hit typhoon more people move shelter typhoon hit',typhoon
'super typhoon hit philippines',typhoon
'location west',typhoon
'ng may pang',typhoon
'typhoon slam destroy home one dead',typhoon
'typhoon make turn forecast make landfall philippine sunday',typhoon
'eye typhoon locate over valley or southeast',typhoon
'who want help family affect typhoon here donate page',typhoon
'philippine typhoon death toll pass abc',typhoon
'ban offer condolence un assistance typhoon',typhoon
'video typhoon hit philippines',typhoon
'sa metro manila',typhoon
'hindi ka na po ba ka na',typhoon
'may let keep safe',typhoon
'there possibility metro manila wont hit or affect',typhoon
'mo ang',typhoon
'typhoon finish heavy rain flood landslide threaten philippines',typhoon
'let pray safety',typhoon
'er out own storm hq',typhoon
'pray go',typhoon
'ang nasa mindanao sa ng',typhoon
'continue pray people valley be devastate typhoon guide amp make safe lord',typhoon
'stay safe mindanao please listen update',typhoon
'christmas party donate victim',typhoon
'food pack water amp item need contact or balsa',typhoon
'me coverage',typhoon
'it go week',typhoon
'hope safe home province occidental friend family',typhoon
'pray victim typhoon sa mg',typhoon
'pray pa death toll typhoon rise',typhoon
'think prayer go family lose typhoon philippines',typhoon
'power co staff cut off tree branch near electric line typhoon landfall ce',typhoon
'sa mindanao wish help',typhoon
'bank account number typhoon bpi',typhoon
'crew take photo super typhoon bear down philippine yesterday',typhoon
'typhoon slam philippine south destroy home one dead manila typhoon bop',typhoon
'philippine hit typhoon more people move shelter typhoon hit philippines rep',typhoon
'christmas come people part philippines suffer typhoon',typhoon
'nag start ng ang',typhoon
'latest tally dead injure still miss damage infrastructure',typhoon
'pack donate clothe make word back up action',typhoon
'sunday be hope typhoon wont hit shore',typhoon
'update leave philippine area responsibility par signal no sur la union panga',typhoon
'signal no sur n sur oriental',typhoon
'expect track typhoon hr category storm par',typhoon
'please pray area get affect typhoon',typhoon
'philippine typhoon kill dozen typhoon hit philippines tuesday kill dozens people',typhoon
'jan na ba kayo ni',typhoon
'official statement regard suspension college release no today stay tune',typhoon
'god bless who affect typhoon',typhoon
'typhoon philippine death toll worsen',typhoon
'prayer affect typhoon stay safe',typhoon
'eye se sur max sustain wind up',typhoon
'number confirm dead typhoon now while remain',typhoon
'category no sa ',typhoon
'force evacuation begin',typhoon
'state weather agency say out tom afternoon',typhoon
'flood landslide sur',typhoon
'exclusive photo boston oriental',typhoon
'projection possible track typhoon cross northern mindanao',typhoon
'death toll typhoon philippine climb more',typhoon
'wv emergency team arrive assist survivor',typhoon
'center typhoon locate northwest northern n',typhoon
'read',typhoon
'papa end day coverage',typhoon
'photo take while bridge',typhoon
'no tourist spot de bridge',typhoon
'upload video break news dead amp rise typhoon rip philippine',typhoon
'ko pang gusto ko pang tsk t',typhoon
'typhoon slam philippines south destroy home one dead',typhoon
'morning prayer brother sister mindanao area lord please take over',typhoon
'super typhoon rip philippine leave hundred dead thousand displace typhoon s',typhoon
'typhoon enter philippines',typhoon
'check out area signal',typhoon
'photo reveal typhoon wrath',typhoon
'death toll typhoon near',typhoon
'typhoon reduce ph farmer beggar heart',typhoon
'whole office agree donate exchange gift budget cash donation typhoon victim',typhoon
'let me feel wrath super typhoon',typhoon
'field office sa ng standby fund relief supply na',typhoon
'let pray safety mindanao',typhoon
'let pray monster typhoon brace fo',typhoon
'typhoon hit south philippine people believe have be evacuate home detail',typhoon
'why see more coverage devastation cause death toll amp count',typhoon
'hi update list cancel flight due typhoon please refer latest',typhoon
'hit family part house room',typhoon
'live typhoon update',typhoon
'break enter ph area responsibility locate km southeast city',typhoon
'typhoon toll dead miss',typhoon
'sa ko sa mindanao po',typhoon
'weather bulletin number six cyclone warn typhoon issue pm',typhoon
'pray philippine',typhoon
'google get ready help ph prepare',typhoon
'eye typhoon locate km southeast',typhoon
'prayer casualty hope miss people fast recovery injure people',typhoon
'city no class level mayor jude',typhoon
'sur',typhoon
'make landfall cross area effect felt rest luzon thursday',typhoon
'god good plan typhoon victim continue',typhoon
'god bless who hit typhoon',typhoon
'thousand typhoon victim crowd evacuation center watch',typhoon
'typhoon max sustain wind near center amp up',typhoon
'imagine sense despair say plan philippines chief typhoon',typhoon
'it show news let pray victim esp valley',typhoon
'kill evacuate typhoon hit philippine',typhoon
'may now pass extreme northern luzon',typhoon
'let u pray who affect typhoon',typhoon
'dead homeless result super typhoon philippines long bear brunt climate',typhoon
'pray philippine mindanao keep safe',typhoon
'dear globe smart right now get guy victim plea',typhoon
'let help victim oriental hit area',typhoon
'eat need prayer here start panic typhoon please plea',typhoon
'water service inc pledge million',typhoon
'watch news right now prayer people who lose love one mindanao',typhoon
'typhoon bad hurricane dead',typhoon
'director oscar say  experience kph wind moderate rain',typhoon
'ms typhoon hit de city please help u pray',typhoon
'typhoon focus atlantic',typhoon
'ng ang hang sa kph sa kph',typhoon
'sa',typhoon
'good lord pray soul depart may rest peace pray safety filipino people amen',typhoon
'help me trend let trend it help province',typhoon
'na ka na typhoon sa mo x',typhoon
'crisis response page update typhoon',typhoon
'na may appointment sa na cancel typhoon yes na least safe',typhoon
'photo super typhoon see space station',typhoon
'town donate coffin victim typhoon',typhoon
'say family area amp river ready college',typhoon
'weather news here latest video update typhoon well earthquake ha',typhoon
'disturb news typhoon make landfall mindanao pud sa',typhoon
'palau philippine brace typhoon',typhoon
'typhoon philippine hit storm year',typhoon
'typhoon cancel pal express flight',typhoon
'heavy rain wind fly sheet come go notice thank god cell signal na',typhoon
'hindi po ng news po sa nga po ba sa ph long amp affect area',typhoon
'news let say yes help victim still need help cant stress enough',typhoon
'please pray here philippine',typhoon
'na low pressure area',typhoon
'pray wont turn degree right head watch debate',typhoon
'share u photo or story typhoon post here',typhoon
'signal no s leyte oriental valley',typhoon
'hit christmas display fall due wind',typhoon
'dear typhoon please let us filipino enjoy christmas it time year',typhoon
'typhoon death toll rise philippine voice america',typhoon
'dead miss due',typhoon
'super typhoon kill more philippine',typhoon
'days more pray friend family',typhoon
'mvp hope raise typhoon victim',typhoon
'weather advisory typhoon mindanao history',typhoon
'ni ni ni',typhoon
'u come no joke',typhoon
'evacuate few moment',typhoon
'palau jellyfish lake close further notice follow typhoon oceania television',typhoon
'least can do now help victim typhoon philippine',typhoon
'canada give more typhoon victim',typhoon
'help',typhoon
'afford mag na ang tao nay nay',typhoon
'pray safety mindanao us',typhoon
'ng sa sur ani plaza',typhoon
'hit mindanao hit metro manila question more can answer here',typhoon
'ng sa ng sa sa',typhoon
'hold typhoon status near island en route south china sea',typhoon
'typhoon now philippine area responsibility keep safe mindanao',typhoon
'help affect please spread word',typhoon
'update evacuee sur sur',typhoon
'typhoon leave people death so far',typhoon
'it rain here  let safe v',typhoon
'foundation now accept cash donation help family affect typhoon visit',typhoon
'sa ng ko sa mindanao keep safe',typhoon
'let prepare typhoon expect',typhoon
'strike island palau east philippine hours',typhoon
'international space station crew take photo super typhoon',typhoon
'latest position track',typhoon
'prayer go out who affect typhoon have clothe or item wish donate please',typhoon
'guy victim need help pray enough',typhoon
'massacre neighborhood',typhoon
'whole world glue yesterday typhoon kill least people miss',typhoon
'typhoon claim hundred live amp displace thousand please donate',typhoon
'ng accept donation victim typhoon',typhoon
'star sparkle calm sky over no more rain wind back normal thank lord',typhoon
'hit beneficiary receive subsidy december',typhoon
'disaster preparation',typhoon
'philippine typhoon death toll pass news news philippine typhoon death toll',typhoon
'pray who affect stay safe',typhoon
'fight wont affect typhoon search rescue mission',typhoon
'philippines hit typhoon more people move shelter typhoon hit sou',typhoon
'good deed holiday season learn ways help victim typhoon',typhoon
'weather here copy typhoon script tonight tv patrol po ang',typhoon
'elderly lady bring soda bottle coin ko ma ng',typhoon
'stay safe guy amp keep pray lord god save us typhoon',typhoon
'actress amp advocate help out food distribution typhoon hit',typhoon
'typhoon still produce sustain wind last observation here latest track',typhoon
'storm signal up over luzon curve back typhoon',typhoon
'case miss it typhoon make landfall oriental',typhoon
'hope amp pray folk northern town safe mobile connection still up time',typhoon
'dead valley town bataan municipality hit',typhoon
'typhoon pound philippines kill least',typhoon
'dead valley say radio interview',typhoon
'keep safe',typhoon
'pray typhoon change course make direct hit island do',typhoon
'send love blessing friend philippine',typhoon
'typhoon kilometer typhoon',typhoon
'si sa bata ang ng nag ang',typhoon
'prepare',typhoon
'score dead typhoon slam philippine',typhoon
'over flight cancel passenger strand port due bad weather typhoon',typhoon
'latest update please visit',typhoon
'coincidence damage due typhoon reach billion',typhoon
'signal northern luzon',typhoon
'prayer condolence brother sister who affect hope',typhoon
'typhoon kill people',typhoon
'prepare typhoon',typhoon
'guy let pray typhoon na na sa sa',typhoon
'bulletin storm maintain strength continue move north northwest',typhoon
'summary press brief december be',typhoon
'death toll philippines typhoon rise people still miss',typhoon
'current name typhoon here take care',typhoon
'typhoon',typhoon
'cancel ang afternoon class sa na please lord wag ang mindanao',typhoon
'still miss philippines number people miss typhoon sweep philippine',typhoon
'spectacular image super space station',typhoon
'typhoon last spot northwest northern',typhoon
'xx pray co typhoon typhoon mindanao history',typhoon
'typhoon satellite image',typhoon
'philippine hit typhoon philippine',typhoon
'typhoon weaken make landfall now traverse',typhoon
'live makeshift shelter rain still happen',typhoon
'thank info emergency team monitor here keep come',typhoon
'typhoon km southeast',typhoon
'typhoon hit philippines kill people destroy home typhoon thump',typhoon
'update be signal no luzon northern island',typhoon
'philippine psychic association have cancel annual meet typhoon see come',typhoon
'philippines storm more dead hundred more miss wake typhoon defence office',typhoon
'typhoon maintain strength now head province',typhoon
'typhoon atlantic',typhoon
'si parang nag tour philippines mindanao luzon',typhoon
'super typhoon update number issue pm gmt sunday dec update',typhoon
'typhoon southeast',typhoon
'philippines hit typhoon more people move shelter typhoon hit philippine',typhoon
'today have be remind death smell like',typhoon
'live typhoon make landfall oriental signal declare area',typhoon
'typhoon northeast city',typhoon
'typhoon aftermath december wake up today seem electricity back good',typhoon
'pray affect keep warm dry safe good health tonight',typhoon
'wag sana wag ang ha',typhoon
'potable water need area water filtration system way',typhoon
'who have more blessing unfortunate victim typhoon reward back',typhoon
'super typhoon five day forecast map',typhoon