'feed suspect return shoot tsa officer latest',shooting
'airport shoot one dead injure live',shooting
'live beck unify command work well wont discuss injury now',shooting
'family ask police check suspect paul send his family disturb message time',shooting
'airport shoot grant tory safe be inside terminal',shooting
'first photo tsa agent appear',shooting
'hell go why do something bad happen airport days fly explain',shooting
'shooter fuck purpose open fire',shooting
'shooter conceal hi weapon john miller say suitcase backpack have hole cut create hide',shooting
'man desperate get home hi family spend day airport',shooting
'airport terminal reopen shoot probe',shooting
'shoot tsa employee shoot news report shooter may have machine rifle',shooting
'wound shoot suspect give police information latest',shooting
'shoot suspect paul anthony join us now more suspect',shooting
'piece shit shooter cant bring me down wit hold me down',shooting
'keep prayer it like tsa get may',shooting
'try find out happen there',shooting
'update suspect use assault rifle custody tsa agent kill injure people treat transport',shooting
'shoot terminal get specific hell go down',shooting
'mt airport police official tell me suspect try flee inside terminal amp pursue fire exchange',shooting
'why shooter charge terrorist',shooting
'people disregard value life create paradigm violence hatred world',shooting
'shooter report tsa agent guy say have',shooting
'there report shoot international airport',shooting
'a mike amp walter update world economics',shooting
'note find scene say want instill fear mind tsa',shooting
'flight cancel delay shoot airport',shooting
'airport evacuate shoot',shooting
'suspect family shock numb shoot family accuse gunman last week',shooting
'gun kill america',shooting
'people report injure airport shoot live',shooting
'incident it bad enough airline ticket cost much car payment now have worry',shooting
'break source tell tsa agent who shoot now die suspect tsa agent',shooting
'people freak idiot like why shoot airport idiot',shooting
'break news least people shoot airport terminal suspect use rifle major crime scene',shooting
'shoot suspect trouble',shooting
'source suspect open fire rifle document checkpoint terminal la',shooting
'more scene',shooting
'homeland security today handgun bag get attention follow shooting',shooting
'shoot victim human or dummy',shooting
'flight delay continue us shoot flight international airport con',shooting
'resident come face face shooter',shooting
'news report gunman custody',shooting
'shoot suspect old paul anthony',shooting
'update there report tsa agent shoot terminal evacuate',shooting
'break police say suspect custody follow shoot',shooting
'one kill la airport shoot suspect custody transportation official kill seven injure shoot',shooting
'prayer involve shooting news',shooting
'shooter pull assault rifle out bag tsa screen area shoot tsa screener open fire terminal',shooting
'full story people shoot one suspect custody',shooting
'riddle me fbi say believe shooter past criminal issue have head shoot file',shooting
'think go out involve hug family friend little today',shooting
'get brief remain his own scandal',shooting
'police go shoot suspect home minute leave day rampage',shooting
'wound shoot airport',shooting
'shooting international airport inside terminal morning least one tsa employee',shooting
'terminal open terminal still close la busy',shooting
'fact assault rifle be use commit murder us history',shooting
'suspect family express sympathy',shooting
'dead horde gun tote zombie see mill food court wait',shooting
'now want start arm tsa agent',shooting
'protester be clear precaution security service result shooting',shooting
'us la say gunman face federal count murder federal officer amp commission crime airport',shooting
'shoot fire airport evacuate report tsa employee shoot security',shooting
'so there shoot',shooting
'faa report no departure further notice',shooting
'think airport or area hope people keep safe',shooting
'hear exclusive interview man confront shooter',shooting
'odds personal over woman nothing do his job or airport',shooting
'report say tsa agent shoot suspect have be shoot',shooting
'la airport reopen shoot international airport reopen friday attack',shooting
'run rape amp kill people hang out believe jihadist',shooting
'shoot gunman leave note target tsa',shooting
'shoot report international airport there report shoot incident friday',shooting
'la mayor say flight have begin take off scene seem call down',shooting
'update confirm man agent who report kill',shooting
'shoot witness shooter inside terminal',shooting
'update andrew smith suspect custody there no second suspect',shooting
'think solution shoot more gun airport',shooting
'report people wind include tsa agent shoot',shooting
'shoot suspect say act',shooting
'listen shoot shooting happen single day one publicize',shooting
'now tsa shootout over la go go back regular schedule stab',shooting
'suspect shooter note reveal',shooting
'police respond incident terminal airport u say',shooting
'siva tom max want make way airport',shooting
'guy get airport rifle last week security confiscate hair gel',shooting
'shoot follow',shooting
'allege gunman dead law enforcement source tell post come',shooting
'rip victim shoot prayer',shooting
'shoot suspect paul charge murder usa today latest',shooting
'shoot suspect step trace search clue la airport attack york time',shooting
'suspect shoot custody',shooting
'post suspect tell police act shoot',shooting
'think impact shoot today',shooting
'so do get past security gun',shooting
'nj police shoot suspect send',shooting
'break sport relate shoot airport wow',shooting
'pattern wheel wv courthouse shooter hat government video so do',shooting
'honor offer condolence utmost support family colleague',shooting
'disgust so hide behind computer hate',shooting
'officer hesitate confront gunman daily bulletin',shooting
'prayer go out victim',shooting
'have confirm one tsa officer dead multiple tsa officer wind',shooting
'tsa identify officer kill shoot',shooting
'paul anthony come shoot suspect',shooting
'nj police chief suspect family friday think kill',shooting
'photo dummy present wind shooter medium',shooting
'off duty officer bystander say one time decide',shooting
'latest shoot victim tsa employee kill wound',shooting
'think victim people stay safe people crazy',shooting
'join u morning discuss tom ridge witness lagos beg',shooting
'shoot airport at least people shoot shoot fire suspect have rifle terminal evacuate',shooting
'past clue show suspect paul possible motive shoot former',shooting
'en route update come',shooting
'traffic backup',shooting
'incident report terminal',shooting
'suspect airport shoot name us medium paul law enforcement official',shooting
'shoot prompt evacuation stall flight',shooting
'official gunman ask people say no move',shooting
'schedule fly today shoot airport may cause major delay follow update',shooting
'ad rush associate business mock',shooting
'shoot suspect graduate school wilmington hs',shooting
'here know shoot man open fire rifle dead wound',shooting
'tonight cost cancer patient health care shooter msg dolphin haze',shooting
'airport terminal still close shoot rampage authorities',shooting
'airport shoot suspect charge murder',shooting
'there look rifle floor guard police officer',shooting
'can talk gun now',shooting
'break news injure dead tsa agent shooter watch chaos video up',shooting
'express shock outrage over airport shoot nobody address',shooting
'mccarthy shoot may well have be incident report say shooter ask people',shooting
'break shoot report airport terminal watch live coverage',shooting
'suspect shoot have think attack fox news',shooting
'shoot suspect paul face federal murder charge',shooting
'do look real dummy like one wheel chair',shooting
'airport police engage neutralize shooter suspect shoot tsa checkpoint suspect injure',shooting
'shoot hear airport international airport be lock down report g',shooting
'abc conflict report law enforcement condition suspect confirm shooter dead',shooting
'friday raise question tsa agent arm do think',shooting
'in confirm flight delay traveler urge check flight status head',shooting
'source allege gunman send ramble text family',shooting
'keep victim prayer hate hear act like so',shooting
'report ex nsa chief gun down airport shoot',shooting
'want offer condolence family tsa agent who shoot amp kill airport morning la',shooting
'shift sorrow victim shoot blame gun lobby laws',shooting
'airport turn twitter friday shoot incident',shooting
'hope safe okay airport hear shoot',shooting
'report shooter tsa mean mass shoot over past year have be',shooting
'tv station show video fee possible terrorist shoot airport toronto tv show rob ford',shooting
'official no threat airport shoot la',shooting
'son bitch deserve hang ball torture one body part time till die',shooting
'more gunman kill tsa official terminal',shooting
'update one suspect custody multiple shoot victim confirm press conference',shooting
'shoot prompt evacuation terminal',shooting
'california pass gun control break shoot terminal source say report victim down',shooting
'cheer terminal first flight board lock down traveler',shooting
'flier delay follow shoot prolong shutdown nation third airport particular',shooting
'shoot terminal',shooting
'update official say three people injure include gunman follow shoot terminal',shooting
'law enforcement official identify airport shoot suspect paul',shooting
'suspect arrest shoot paul anthony u citizen',shooting
'suspect have note say want kill tsa latest',shooting
'motive airport shoot',shooting
'suspect shoot have think attack',shooting
'allege boston bomber provide motive suspect do so why former term',shooting
'something happen now',shooting
'wonder agent relate release airport security month',shooting
'shooter paul long discover antidepressant drug',shooting
'report shooter dead',shooting
'stick someone open fire tsa agent multiple victim lock down who know long nothing go or out',shooting
'photo shoot international airport',shooting
'security official international airport claim normal security procedure wake shoot',shooting
'harrow shoot official say shooter ticket passenger',shooting
'shoot airport reason dislike people',shooting
'least one gunshot victim transport',shooting
'here map inside terminal airport',shooting
'shoot go make airport security even more pain',shooting
'photo passenger evacuate international airport follow shoot',shooting
'hear three pop witness recount moment shooter fire shoot cause chaos',shooting
'develop there be incident airport report there shoot',shooting
'video appear show suspect handcuff gurney',shooting
'wish peace world prayer',shooting
'hear wear camouflage support shooter',shooting
'break one tsa agent kill one wound shoot',shooting
'watch live international airport evacuate shoot fire',shooting
'more three people shoot suspect custody airport shoot',shooting
'tsa agent kill shoot suspect',shooting
'suspect shooter go school orlando official motorcycle mechanic institute confirm',shooting
'update confirm tsa employee shoot amp kill wound',shooting
'see chaos inside video show chaos inside international airport passenger run',shooting
'can talk shooter be describe terrorist way k cool',shooting
'suspect airport shoot paul anthony fbi say',shooting
'gunshot outside unknown injure prayer go out',shooting
'confirm suspect custody multiple victim airport shoot',shooting
'family ask police check suspect',shooting
'survivor look down barrel gun pray god',shooting
'god send shooter have be kill pray hatred god',shooting
'large amount chaos take place seven injure shoot one tsa worker kill suspect custody',shooting
'update people have be shoot accord police scanner alert declare',shooting
'eye witness celebrity share experience shoot',shooting
'who shooter find out here',shooting
'law enforcement source suspect man address la jersey',shooting
'update gunman prayer one present there',shooting
'latest suspect pull out rifle shoot document checker tsa checkpoint report',shooting
'update least people injure shoot gunman international airport',shooting
'close up picture possible rifle use',shooting
'police id shoot suspect paul look name up found man list tsa worker',shooting
'tsa spokesperson one tsa employee kill shoot second tsa employee injure live coverage',shooting
'condition victim unknown say live coverage',shooting
'frighten shoot here victim need prayer now',shooting
'motive guy carry tract airport shoot spree mystery authority say',shooting
'fbi la man suspect airport shoot kill tsa officer',shooting
'here update story airport shoot',shooting
'la airport reopen shoot',shooting
'shoot suspect charge murder',shooting
'terminal shoot timeline',shooting
'report gunfire airport police say major incident no word victim',shooting
'photo rifle believe use shoot ar',shooting
'shoot fire it report suspect custody injure flight delay least',shooting
'faa order ground stop shoot no flight depart',shooting
'news least hurt unknown shooter injure least custody president brief',shooting
'shoot airport people report wound gunfire include transport',shooting
'people shoot suspect custody',shooting
'suspect la airport shoot use assault rifle police',shooting
'halt flight head',shooting
'break authority say have suspect custody shoot multiple victim report',shooting
'world place',shooting
'thank who come today hel',shooting
'a matter minute police check suspect leave airport',shooting
'shoot report emergency vehicle tarmac photo courtesy',shooting
'federal source confirm tsa officer kill shoot stay up date latest detail',shooting
'tsa agent shoot kill think prayer go family involve',shooting
'police shoot suspect return victim shoot latest',shooting
'amen relief have listen press conference',shooting
'news report second arm man custody airport',shooting
'break source tell shooter tsa employee shoot dead kill fellow worker post come',shooting
'accord obtain photo paul shoot suspect',shooting
'charge face penalty nov pm',shooting
'call break news shooter show sentiment who report something',shooting
'eyewitness report hear gun shoot then start run door outside now',shooting
'ben nj police dad call worry suspect nj police dad call worry suspect',shooting
'international airport airport code reason it security',shooting
'due sniper incident take place airport attendance',shooting
'security incident wb nash',shooting
'update one tsa officer die multiple tsa employee shoot source confirm',shooting
'pray involve shoot think time go airport',shooting
'passenger evacuate terminal international airport report gunshot',shooting
'report shoot fire listen eyewitness testimony',shooting
'call class arm agent more gun prevent more violence',shooting
'hurt or tire be huddle sidewalk amp know gun stop or ill get bali',shooting
'leave u dodge bullet shooter safe home something',shooting
'tsa person yell there someone shoot sprint runway eyewitness account',shooting
'happen hope okay',shooting
'shooter former roommate shoot suspect a nice guy',shooting
'live shoot report international airport',shooting
'delay flight gunman arrest multiple victim nothing change country',shooting
'why look photo shoot suspect paul',shooting
'shoot airport think be make fly burbank then wonder person',shooting
'suspect set out kill multiple tsa officer',shooting
'someone use hash tag flight delay it sign',shooting
'suspect make reference suicide father say latest',shooting
'person stretcher load ambulance',shooting
'pray people involve amp effect shoot afternoon',shooting
'report victim reagan medical center',shooting
'flight ground moment so no reason attempt go near airport',shooting
'update ground stop now effect traffic arrive airport faa say',shooting
'think prayer go out victim shoot',shooting
'outgo flight delay due call airline detail',shooting
'family shooter say shock numb son do',shooting
'today airport shoot people unite deep concern over much longer security line now',shooting
'airport close shoot probe continue',shooting
'prayer go out affect',shooting
'shoot update checkpoint dead injure confirm shooter may',shooting
'dad call police worry suspect dominion post latest',shooting
'there nothing shoot seem plan',shooting
'shoot out claim wound',shooting
'fbi suspect shoot tsa officer return shoot usa today latest',shooting
'fbi somebody give gunman ride airport fbi urge picture video provide here',shooting
'shock shock shooter use ar like gun exist kill people',shooting
'update people hospitalize',shooting
'shooter unconscious be shoot face cop',shooting
'have run runway shoot terminal',shooting
'news one person kill airport shoot',shooting
'fbi la man suspect airport shoot man arm police say assault rifle',shooting
'shut down can listen control traffic here',shooting
'shooter have manifesto align right wing extremist',shooting
'police shoot suspect carry note world order attack raw story',shooting
'law enforcement source have tell suspect connect',shooting
'witness say hear dozen gunshot inside security gate terminal',shooting
'police probe motive la airport shoot',shooting
'update suspect shoot write note tell intent kill tsa employee report say',shooting
'international airport shoot',shooting
'update la airport shoot leave news network cautious celebrity man crew strand',shooting
'update patient fair condition medical center shoot',shooting
'photo obtain appear show weapon floor',shooting
'update report three shoot tsa employee',shooting
'first photo shoot suspect paul',shooting
'happen now shoot airport shoot be report th',shooting
'praise go out victim attack there family keep head up god bless',shooting
'break say shoot',shooting
'gunman open fire',shooting
'pray amp hope there safe',shooting
'shooting airport now fly out more airport god help victim family insanity',shooting
'now report chief michael shoot dead radical christian group claim responsibility web',shooting
'link howard patriot',shooting
'shoot suspect do appear tie terrorist organization source say',shooting
'police shoot suspect say act',shooting
'gunman walk up security checkpoint shoot agent amp then shoot officer step',shooting
'shooter libertarian ron jones variety end feed gold standard',shooting
'park structure reopen park structure airport now open official say',shooting
'watch live coverage',shooting
'witness now say hear three shoot live coverage website',shooting
'let see gun right advocate can wait interval spout mind',shooting
'photo scene evacuation photojournalist',shooting
'news brief stage area now locate administration visitor',shooting
'update press conference few minute entrance amp century airport police',shooting
'do happen la ban gun guess bad people',shooting
'so shoot down people airport terrorism carry evidence wrongdoing be',shooting
'think victim airport shoot',shooting
'source gunman custody suspect be shoot police custody friday shoo',shooting
'fbi identify paul anthony shooter',shooting
'airport shoot police probe motive attack',shooting
'authorities investigate possible tie shooter world order conspiracy theory s',shooting
'gunfire report airport terminal pic fox sport reporter',shooting
'airport reopen tsa agent kill news',shooting
'suspect charge murder suspect airport gunman shoot tsa officer walk then return shoot hi',shooting
'someone open door tarmac take cover airplane',shooting
'opinion arm tsa answer know much shoot international airport',shooting
'sympathy victim shoot',shooting
'people wound international airport report gunshot',shooting
'think affect',shooting
'right get security start shoot gate area shut down airport today it break news',shooting
'bombshell guess party shooter',shooting
'prayer',shooting
'good morning talk take call',shooting
'two victim shoot suspect use rifle report',shooting
'update shooter kill tsa agent victim hit gunfire latest',shooting
'least gop let felon terrorist amp can purchase check',shooting
'hr shoot still here people hand out water amp snack',shooting
'prayer out affect',shooting
'catch up news chance airport gunman disgruntle former employee grudge guess',shooting
'suspect remain sedate guard daily chronicle latest',shooting
'shoot paul wound suspect give police information news latest',shooting
'suspect shoot spree target tsa',shooting
'update airport get ready allow employee back terminal accord',shooting
'break gunman tsa agent accord',shooting
'wound airport shoot',shooting
'shoot man open fire rifle kill tsa worker wound',shooting
'report shoot airport',shooting
'do get rifle past security shoot hi way',shooting
'lock virgin lounge gunfire airport scene hear least shoot',shooting
'passenger reclaim personal belongings medical contact medical cli',shooting
'people report injure airport shoot live update',shooting
'shoot graphic base report shoot terminal',shooting
'watch live terminal evacuate shoot incident report airport',shooting
'report shoot fire show leave airport',shooting
'suspect face charge murder federal official',shooting
'accuse shooter paul unknown his hometown official say paul family know',shooting
'there press conference wait verify info there version happen',shooting
'develop shoot suspect send text hi brother admit consider suicide',shooting
'murder charge file shoot suspect',shooting
'detail surround shooter begin emerge charge murder federal officer paul',shooting
'paul anthony identify shoot suspect photo authority have identify individual',shooting
'live video coverage shoot fire airport',shooting
'shoot three people shoot suspect neutralize news',shooting
'shoot today so so live country gun control',shooting
'th appear scene',shooting
'think prayer possible victim la',shooting
'weirdo go airport wit rifle amp start shit it bout',shooting
'report shooter have rifle seem weird handgun more',shooting
'shooter terrify',shooting
'security bob hope airport due',shooting
'airport be in friday ghost town',shooting
'shoot shoot fire international airport multiple injury',shooting
'star react airport shoot',shooting
'shoot report international airport stay update',shooting
'live air traffic map light due grind stop follow image',shooting
'tsa agent dead shooter dead tsa agent injure bomb squad en fluid situation',shooting
'suspect airport shoot name u medium paul law enforcement official',shooting
'passenger terminal airport evacuate local time',shooting
'scene w chief beck amp please do come airport have flight time be',shooting
'shoot airport',shooting
'report indicate there two victim down terminal shoot',shooting
'photo rifle disarm gate bloody clothe side',shooting
'airport chief shooter have assault rifle shoot his way past screener airport isolate terminal',shooting
'shooter member patriot movement',shooting
'suspect custody airport shoot multiple victim report',shooting
'shoot people airport share happen',shooting
'suspect shoot tsa officer walk then return shoot international',shooting
'question surround suspect motive',shooting
'shoot airport amp find gun',shooting
'patient transport area hospital official scene',shooting
'update amp hold news watch live listen li',shooting
'shoot official confirm incident airport witness hear gunshot',shooting
'california firearm law show cant legislate who follow law',shooting
'follow gun control legislation promise like gun can keep',shooting
'report shoot airport hope okay',shooting
'la airport shoot prompt evacuation fire department say assist law enforce',shooting
'shoot triage team set up red yellow treatment green walk wound',shooting
'day crazy world',shooting
'reason happen today million people lose benefit',shooting
'better shoot rifle',shooting
'senate fail gun bill have stop shooter industry',shooting
'airport shoot suspect still hospitalize suspect friday shoot ang',shooting
'shooter remain sedate guard',shooting
'central bureau now alert due incident',shooting
'update report suspect shooter custody report total patient time',shooting
'allege shooter have note say want kill tsa pig',shooting
'la airport shoot kill tsa officer report',shooting
'update shoot end suspect take custody more detail come',shooting
'live shoot multiple victim hit least hurt',shooting
'tsa agent kill shoot',shooting
'shoot suspect charge murder may face death penalty',shooting
'video passenger tell leave airport people wound gunfire',shooting
'stay safe keep involve prayer',shooting
'shooter conceal his weapon november',shooting
'suspect shoot spree target tsa abc news',shooting
'there be shoot international airport world safe',shooting
'tsa officer shoot kill airport',shooting
'latest detail emerge suspect threat note latest detail emerge suspect',shooting
'think prayer victim affect shoot today',shooting
'violence white men term terrorism even evidence point way',shooting
'news conference fbi special agent say at point do see threat',shooting
'shoot shooter amp have his jersey home surround cant find who shoot',shooting
'airport official say police incident begin be terminal airport spokeswoman',shooting
'report shoot terminal be evacuate flight postpone',shooting
'mt avoid time century close prior airport entrance call airline info',shooting
'be tell step bullet casing or blood lot evidence terminal',shooting
'gunman identify airport shoot spree gunman arm assault rifle enter terminal at',shooting
'someone who fly time airport situation unnerve',shooting
'timeline recent threat attack',shooting
'update one tsa officer die multiple tsa employee shoot source',shooting
'shooter shoot kill exchange gunfire act',shooting
'pray victim god help',shooting
'people still be shuttle secure location nerve star settle',shooting
'roads close report shoot fire terminal',shooting
'suspect custody airport shoot police say christian science monitor share',shooting
'suspect arrest gunfight terminal police say',shooting
'watch live live coverage shoot inside story suspect custody',shooting
'shoot latest suspect victim warn may have come',shooting
'thank dead shooter cause traffic miss so go try go',shooting
'allege shooter paul carry note',shooting
'update one person custody shoot international airport',shooting
'update tsa agent kill special report come up more',shooting
'wife victim husband father brother son friend',shooting
'quiet describe shoot',shooting
'hear shoot airport fine consider time month it bite',shooting
'prayer out victim shoot today',shooting
'witness tell gunman look me ask tsa witness shake head suspect move',shooting
'flier delay airport shoot thousand flier u delay friday',shooting
'break learn agent shoot die gunman tsa officer',shooting
'la airport shoot prompt evacuation',shooting
'press find shooter view threaten monday',shooting
'injure top news star evacuate joke journalism',shooting
'suspect shoot tsa officer kill',shooting
'hear shoot airport',shooting
'report man rifle open fire terminal',shooting
'here issue moment shoot suspect paul charge murder usa toda',shooting
'break say shoot fire multiple people injure',shooting
'tsa agent kill six wind airport shoot',shooting
'security agent kill shoot airport',shooting
'here go fbi refer shooter patriot arm assault weapon goal paint patriot amp tea part',shooting
'yes initial report have multiple suspect quick perpetuate',shooting
'people try use call here report',shooting
'one tsa officer kill shooting source tell us three or four tsa worker injure more',shooting
'tsa agent kill airport shoot',shooting
'one tsa officer kill shooting source tell u three or four tsa worker injure more',shooting
'shoot watch suspect gunman arrest airport',shooting
'a matter minutes police check suspect leave airport',shooting
'why shooter charge terrorist article re why do save ur life',shooting
'people talk politics while someone lose love sick pray go out',shooting
'catch dude shoot up',shooting
'story shoot suspect charge murder rampage',shooting
'watch police chief patrick answer question press',shooting
'joke law center say shooter inspire homophobe',shooting
'news suspect set out kill scare tsa officer unemployed motorcycle mechanic suspect ca',shooting
'update open terminal roadway open terminal ticket counter open except rest',shooting
'shoot fire nj suspect shooter campus morning friday tragedy please',shooting
'more suspect shoot custody c',shooting
'shooter paul right fear',shooting
'update west bureau south bureau alert due shoot',shooting
'fbi say grimace may have have accomplice look twelve foot yellow bird drive clown car plate number snuff',shooting
'report tsa agent allege gunman wind shoot airport',shooting
'wow read watch incident terrify have be lot worse',shooting
'have question happen or airport security general feel free ask u',shooting
'gunfire tarmac incident report terminal',shooting
'whole so tire hate amp cant respect amp love one',shooting
'special report begin',shooting
'pylon international airport have be light blue honor i',shooting
'airport police friday confirm shoot take place terminal',shooting
'now supporter ask passenger right carry gun airport self defense purpose',shooting
'nj police dad call worry suspect',shooting
'shoot suspect custody tsa officer kill salt lake tribune latest',shooting
'shooter tie patriot movement',shooting
'dad uncle spend so much time airport so home safe',shooting
'airport shoot jam franco nick more scene',shooting
'pray people family airport toda',shooting
'fact assault rifle be use commit murder u history',shooting
'shoot detail paul come light police confirm shoot suspect live sun',shooting
'watch live airport shoot press conference full video authority deliver press conference fr',shooting
'remove arm police security checkpoint month few month shooting o',shooting
'shooter register democrat tea do democrat keep get gun',shooting
'airport evacuate report shoot',shooting
'update police ask people avoid area hours',shooting
'suspect shooter custody multiple injury',shooting
'watch live stream news airport shoot haley',shooting
'stick airport terminal shooting pray victim',shooting
'suspect set out kill scare tsa officer unemployed motorcycle mechanic suspect ca',shooting
'shoot hope authorities get shooter colleague fly back',shooting
'shooter identify one dead injure',shooting
'suspect custody amp multiple victim official airport tweet say shooting',shooting
'airport shooter terrorist dam true',shooting
'break news shoot leave people wind suspect custody',shooting
'witness saw know shooter move urgency',shooting
'watch who do thing shoot airport',shooting
'update patient treat transport area hospital',shooting
'do know shooter who know jam who saw pass out brother amp half brother last night ben mark',shooting
'timeline shoot multiple victim hit gunman have rifle',shooting
'expect reopen terminal afternoon executive director',shooting
'paul anthony identify shoot suspect',shooting
'airport shoot no answer security strategy york time',shooting
'shoot tsa agent dead gunman custody airport update',shooting
'shoot suspect upgrade fair condition',shooting
'shoot airport suspect shoot custody at least people shoot shoot fire suspect have rifle faa',shooting
'airport gunman leon tell anderson shooter walk right up',shooting
'photo bloody clothe gun inside terminal shoot begin checkpoint continue',shooting
'rampage suspect call former homeland security secretary secretary bull d',shooting
'shoot gunman open fire inside airport terminal',shooting
'business hour preempt expand coverage stay na',shooting
'police shoot fire airport michael holmes report incident ang',shooting
'suspect shoot police custody witness say pandemonium chaos gunman walk tsa agent kill',shooting
'break incident report terminal airport be evacuate',shooting
'tsa officer kill shoot remember father',shooting
'shooter government view probe',shooting
'news',shooting
'chief michael shoot dead la airport report',shooting
'suspect remain sedate guard',shooting
'peoria nj police dad call worry suspect',shooting
'people nj la calm folks it imagine happen let act shock',shooting
'live coverage three people shoot suspect custody',shooting
'wait hotel half mile airport no idea may reopen or flight start fly',shooting
'hell go think prayer victim th',shooting
'course beg arm officer believe action',shooting
'witness mayhem eyewitness describe scene shoot inside international airport',shooting
'guess tsa fbi have trouble find patsy shoot shit up so do now',shooting
'shoot fire international airport now be evacuate',shooting
'airport official confirm police incident begin be terminal more info come',shooting
'glad make shoot airport glad safe have fun',shooting
'reporter say second suspect take custody',shooting
'good heaven hope tun out well please stay safe avoid airport right now',shooting
'police miss suspect minute weekend investigation authorities piece',shooting
'law enforcement official suspect be treat hospital',shooting
'airport shoot suspect murder charge radio zealand latest',shooting
'suspect shoot kill tsa worker latest',shooting
'shoot prompt evacuation terminal full story',shooting
'agree get rid think go out',shooting
'script flip shooter security screening have note mention',shooting
'shoot international airport nov gunman high power rifle shoot law',shooting
'shoot suspect custody victim news suspect custody wear camouflage clothe target tsa agent',shooting
'la airport reopen shoot international airport reopen friday attack see u security',shooting
'shoot scene actor describe brooke baldwin shoot scene witness airport',shooting
'something happen tsa police run',shooting
'now confirm la report tsa agent be kill shoot',shooting
'shoot suspect send text sibling mention suicide nj police chief say',shooting
'world amp twitter bring me news shoot site ag',shooting
'it fill up inside secure area people calm now upset',shooting
'medium beck jones influence shooter',shooting
'police chief stand here right now there one individual',shooting
'think prayer go out involve shoot airport unfortunate situation',shooting
'amp nj amp communist busy terror',shooting
'airport shoot arm tsa school shoot arm teacher interest one establishment push',shooting
'la ontario airport october drill shoot scene',shooting
'terminal empty police patrol people wait peace love',shooting
'press conference international airport shoot',shooting
'update shooter tsa worker',shooting
'think prayer go out morning victim here hop resolution',shooting
'up shooting now people so mess',shooting
'now be air special report anchor',shooting
'allege shooter letter mention world order conspiracy theory reference paul',shooting
'so shooter or tsa agent accord fox news',shooting
'frighten scene tsa agent shoot suspect wound accord source',shooting
'travel airport security review shoot holder',shooting
'shoot amp someone dress up marathon victim wrong universe',shooting
'break law enforcement source tell shooter tsa agent',shooting
'gunman open fire la airport gunman carry assault rifle open fire kill tsa',shooting
'suspect attack identify tsa agent die battle creek enquirer latest',shooting
'photo allege gun shoot passenger tell step bullet casing',shooting
'louisiana pain send think amp prayer affect shoot international airport morning',shooting
'one kill la airport shoot suspect custody one person kill seven',shooting
'denver airport dia operation normal passenger den check flight status',shooting
'break fire out here airport',shooting
'condolence tsa agent family',shooting
'suspect custody multiple people injure shoot country express latest',shooting
'break shoot terminal source say report victim down suspect down',shooting
'it so weird there days same terminal',shooting
'wow heart go out victim shoot',shooting
'post shoot suspect tell police act fox news',shooting
'shooter note rifle have orange tsa inspection sticker',shooting
'men cast crew catch middle la airport shoot',shooting
'poverty law center homophobe blame shooter',shooting
'prosecutor say shoot suspect turn back kill tsa officer accord federal prosecutor',shooting
'pray shoot victim',shooting
'shooter have note say want instill fear mind tsa agent',shooting
'suspect set out kill scare tsa officer',shooting
'do bomb iraq',shooting
'break law enforcement official identify shoot suspect paul',shooting
'shoot feed say suspect go back kill tsa officer',shooting
'initial report say gunman target agent airport conflict report re suspect custody',shooting
'prayer up',shooting
'break report shoot airport n',shooting
'dead multiple victim shoot spree',shooting
'photo tsa agent shoot chest',shooting
'shooter charge murder face death penalty get guy official determine th',shooting
'shoot up place shoot kill injure shooter white',shooting
'one kill la airport shoot',shooting
'shoot victim tsa employee kill wound',shooting
'note find shoot suspect bag say want kill least one tsa officer',shooting
'suspect shoot have think attack man suspect kill a',shooting
'fuck police shooter open fire assault',shooting
'modern warfare predict shoot thing common',shooting
'airport shooter terrorist',shooting
'airport be evacuate shoot fire boo',shooting
'update ask driver avoid area century close manchester amp move',shooting
'update suspect shoot slay tsa officer two time',shooting
'shoot suspect make reference family paul anthony kill one tsa office',shooting
'shooter identify want kill tsa pig',shooting
'shock shoot morning think prayer go victim incident',shooting
'evacuation airport report shoot least one terminal',shooting
'terminal remain close saturday international airport terminal',shooting
'la peep',shooting
'reporter displace baggage due yesterday be sort',shooting
'la mayor advise situation safe airport flight continue land request people',shooting
'so there be airport see amp see go assume',shooting
'shoot more amendment propaganda progress freedom outpost',shooting
'airport close shoot federal agent comb airport clue man',shooting
'advisory avoid time century close prior airport entrance call airline info',shooting
'witness ask arm reporter no witness reply tsa run wu there keep us safe',shooting
'police respond major incident',shooting
'shooter white dude so worry he',shooting
'law enforcement official identify la airport shoot suspect paul',shooting
'break gunman shoot people one suspect custody',shooting
'hold first brief minute',shooting
'more possible shoot report airport c',shooting
'hope try fly or out right fire security check point right',shooting
'latest news airport shoot suspect remain hospitalize wall street journal',shooting
'federal security officer kill shoot international airport official say',shooting
'why muslim bad one white peep school gunman shooter',shooting
'family airport shoot suspect offer sympathy victim family paul',shooting
'now report gunman be kill',shooting
'gunman kill one injure airport world news',shooting
'airport security cash cow incident prove terrorist drive up airport amp detonate bomb',shooting
'suspect tell police act shoot',shooting
'news think prayer victim',shooting
'judge appoint attorney accuse shooter paul over objection police seek interview',shooting
'prayer best wish go out involve shoot',shooting
'spokesperson need show little compassion get people skill',shooting
'reaction oh shoot',shooting
'evacuate terminal tsa agent shoot suspect wind airport gunfire',shooting
'why suspect target tsa so',shooting
'break down shooting happen reveal detail',shooting
'accord news tsa agent shoot die',shooting
'shoot video show chaos panic panic chaos erupt gunman open fire la international airport th',shooting
'shooter',shooting
'shoot scream flag shooter paul',shooting
'shooter kill tsa agent prompt mass evacuation airport lockdown',shooting
'break report shoot fire airport say senior government official stay latest',shooting
'idiot get past security airport terminal shoot people cop die shoot injure',shooting
'detail emerge rampage target tsa agent',shooting
'suspect hold guard kill airport shoot latest',shooting
'shoot suspect send message father seek authorities help cop',shooting
'heart go out affect today event shooting take become',shooting
'shooter refer patriot come member don know',shooting
'announce law enforcement secure area let people leave terminal',shooting
'update confirm shoot suspect',shooting
'update travel policy due incident please check here detail',shooting
'break news suspect identify jihad go rampage try',shooting
'send prayer victim who be affect shoot stay safe eve',shooting
'it hear shoot airport schedule fly month',shooting
'family shoot suspect shock numb rampage',shooting
'shooter conspiracy kook no surprise',shooting
'least agent shoot die wind leg tsa say',shooting
'police chief say shooter arm assault rifle shoot la international',shooting
'man open fire assault rifle security screen area terminal police say',shooting
'crazy shoot',shooting
'allege shooter graduate accord',shooting
'airport police chief confirm shooter pull assault rifle out bag continue shoot area screener',shooting
'break news shoot video leak go here',shooting
'tough day airport glad get home prayer victim shooter',shooting
'so people lose live airport',shooting
'seek information airport shooting',shooting
'day cody',shooting
'lawmaker debate gun control airport shoot',shooting
'gunman target tsa airport shoot',shooting
'prayer family tsa agent who kill today victim injure',shooting
'happen journalism much misinformation float',shooting
'suspect gunman custody shoot report airport scene',shooting
'no safe place gunman shoot people one suspect custody',shooting
'news report forget call shooter terrorist oh wait it cause he',shooting
'know go still post post blame someone get worst kind person',shooting
'more shoot suspect carry material federal government tsa particular',shooting
'so gun control today',shooting
'shoot tsa agent dead wind medical custody shoot leg high power rifle',shooting
'lot prayer love people victim craze shooter put weapon down',shooting
'story shoot suspect charge murder commission violence international airport',shooting
'scene inside',shooting
'shoot suspect charge murder federal officer commission violence international airport',shooting
'time turn there break news shooting car chase president press conference america calm down please',shooting
'terrorist attack terrorist organization choice tea party so guess go w wolf',shooting
'witness describe shoot suspect young dress camouflage',shooting
'break la coroner report one dead shoot',shooting
'suspect paul charge face death penalty wound',shooting
'latest police id shoot suspect paul tsa worker kill wind shoot disrupt flight',shooting
'so shooter wear fatigue',shooting
'shooter have bag contain note say want kill tsa pig official say',shooting
'witness describe scene shoot international airport scene',shooting
'wow shoot airport',shooting
'shoot fire airport evacuate see over timeline',shooting
'gun make usa gunman kill one injure airport',shooting
'accord federal source tsa officer kill shoot stay up date latest detail',shooting
'video detail emerge shooter',shooting
'break one tsa agent kill one wind shoot',shooting
'stunner photo couple empty street heart airport',shooting
'say believe person custody gunman morning shoot no word extent victim',shooting
'news williams shooter paul anthony have view',shooting
'sadden event take place today feel safe go',shooting
'obtain photo suspect paul who custody',shooting
'law enforcement material found suspect include rant reference conspiracy theory world order',shooting
'shoot',shooting
'suspect remain sedate guard usa today us news amp world suspect remain',shooting
'tarp set up multiple injury mike brook talk possible injury airport',shooting
'blessing shoot victim',shooting
'first tsa agent die line duty official say shoot',shooting
'news report shoot victim appear tsa agent anchor clear motive or number suspect unfold',shooting
'okay so have moderate white people bother apologize',shooting
'father say shoot suspect',shooting
'stream now live coverage',shooting
'shoot tsa agent be shoot suspect be wound accord source',shooting
'more two victim shoot suspect use',shooting
'suspect international airport shoot have family member worry',shooting
'break shooter tsa agent kill spree',shooting
'latest update incident live evacuation',shooting
'news shooter',shooting
'suspect shoot police custody source say',shooting
'suspect shoot spree target tsa burlington county time latest',shooting
'break one tsa officer dead shoot live update',shooting
'shooter enjoy',shooting
'flier delay airport shoot',shooting
'due news coverage shooting viewers can see today',shooting
'gunman shoot chest multiple time intelligence source say',shooting
'today shoot airport prove way stop gunman gun thank',shooting
'spokesperson say multiple victim shoot live report continue fox',shooting
'fbi confirm shoot suspect anthony resident',shooting
'thank amp secure today event amp thank guy concern prayer amp support',shooting
'update least two people shoot airport',shooting
'frighten note graphic terminal shooter scene',shooting
'update suspect hold shoot airport',shooting
'suspect message prior shoot canoe latest',shooting
'suspect shoot tsa officer kill man pull assault rifle out bag begin open fire friday',shooting
'police suspect gunman send suicide text family nj police chief say suspect father call',shooting
'prosecutor suspect shoot tsa officer leave return shoot abc l',shooting
'australian contact be',shooting
'report faa suspend flight',shooting
'fbi confirm shooter identity paul anthony la',shooting
'native charge shoot tell investigator act',shooting
'shooter salem county nj fuck',shooting
'evacuate multiple tsa agent suspect shoot',shooting
'develop allege suspect airport shoot morning white male his accord',shooting
'know few people terminal send heart condolence victim amp family shoot',shooting
'shooter suspect believe former tsa',shooting
'tsa agent kill shoot suspect custody',shooting
'union official shoot first time tsa officer be kill duty',shooting
'release secure hold area sigh relief day seem real',shooting
'news conference pm',shooting
'violence white man term terrorism even evidence point direction',shooting
'traveler use international airport day shoot kill one image',shooting
'break current scene airport more image follow',shooting
'wow shoot airport close down traffic backup mile glue news',shooting
'federal official suspect have material express sentiment anger tsa',shooting
'shoot airport wound three',shooting
'shoot airport then bomb threat plane leave there come sa go cali',shooting
'suspect paul tell official act airport shoot',shooting
'wait there shoot',shooting
'break news medium report say shooter young white male brown dude',shooting
'think experiment react drop hellfire missile take out shooter drone',shooting
'nj police dad call worry suspect latest',shooting
'nigga shoot airport now sm',shooting
'shoot affect flight airport director say',shooting
