'social medium help  wildfire relief more disaster relief red cross social medium',wildfire
' spring right now look photo shock armageddon here',wildfire
'photo view aerial image  spring',wildfire
' wildfire disaster declaration us',wildfire
' fire think amp prayer go out affect',wildfire
'pray  join us pray  fire day night',wildfire
'fire now boulder',wildfire
'map morning',wildfire
'here full statement impact',wildfire
'photo  wildfire near air force falcon stadium',wildfire
'game pitch it rain think get rain welcome  here help fire',wildfire
' wildfire depart  spring mayor reflect denver post',wildfire
'perspective acre mi note still',wildfire
'come  it fire',wildfire
'live stream video fire manager update',wildfire
'watch live update official',wildfire
' spring number one fire priority country',wildfire
' fire displace hundred person miss firefighter  mexico battle',wildfire
'dear sick go want whole mess clear up friday',wildfire
' spring fire destroy home mayor say fox news',wildfire
'want government firestorm destroy  spring home',wildfire
'news forest service call air force tanker battle  fire',wildfire
'fire out  crazy',wildfire
'say',wildfire
'evacuate please wait take pet evacuate',wildfire
'monster  wildfire rage plan visit monster  wildfire rag plan visit',wildfire
'god bless who serve stay safe',wildfire
'private use firework ban  due extreme fire danger',wildfire
'wow live stream do look good boulder right now',wildfire
' spring co fire wind blow city today look like armageddon pic',wildfire
'think go out people  deal wildfire',wildfire
'summer start there be over acre land amp home burn up  wildfire gut tell me long',wildfire
'hope fire  end',wildfire
'look multiple wildfire burn ',wildfire
'think  hop fire come end',wildfire
'current  fire map  division emergency',wildfire
'boise firefighter battle  wildfire member boise fire department',wildfire
'ill stop call ballplayer hero meet mike  spring fire captain who save home his burn',wildfire
'collect donation',wildfire
'fire  usa',wildfire
'firefighter up condition try control wildfire latest a',wildfire
'there firestorm  spring cover still hour',wildfire
'face epic condition safety concern relate wildfire threaten  spring',wildfire
'police chief one dead one miss  fire washington post',wildfire
'pray safety who live spring near fire fire go  right',wildfire
'parker firework cancel due high fire danger',wildfire
'hear hotel  spring price gauge evacuee hear one',wildfire
'cocktail benefit  wildfire relief laundry',wildfire
'thousand evacuate  wildfire near',wildfire
'see  fire make me wonder figure can argue cut fire fighter number',wildfire
'do start fire ',wildfire
'hundred evacuate  mexico fire spread',wildfire
'find out one friend  may have lose apartment fire there know more tomorrow suck',wildfire
'good news up now contain',wildfire
'firefighter face more wind heat',wildfire
'covey canyon fire evacuee settle  shelter photo  spring',wildfire
' wildfire move fast',wildfire
'update',wildfire
'increase acre please continue pray  spring',wildfire
'whoop wrong link threaten buddhist temple north america',wildfire
'break fire break out west boulder watch develop office right now',wildfire
' spring wildfire god preserve us',wildfire
'lord please bring drive rain  stop horror take place there end fire amp',wildfire
'hour  fire become catastrophe or help',wildfire
'focus  wildfire aftermath atlantic',wildfire
'clark report rain over flagstaff fire let hear cheer  rain let',wildfire
'worse  cant have firework neighborhood fire',wildfire
'acre fire burn boulder prompt evacuation',wildfire
'more evacuate wildfire spread mexico ',wildfire
'panorama shoot',wildfire
'fema authorize use federal fund help cost',wildfire
'photo one firefighter work here have night shift',wildfire
'k reward offer info canyon fire vandal',wildfire
'thank pray fire us here  mean lot',wildfire
'please pray  spring city fire',wildfire
'thousand take refuge  wildfire',wildfire
' mexico forest fire crew gain ground fire crew battle flame roar',wildfire
'have good authority  front range fire displace family little relief sight so hear',wildfire
' fire claim first rank state',wildfire
'let pray friend  spring have be evacuate due escalate',wildfire
'wildfire continue threaten  spring neighborhood ministry',wildfire
'great interview social medium help  wildfire relief',wildfire
'loot home wake  fire',wildfire
'crazy today tuesday math  fire mile acres',wildfire
' canyon fire reach containment canyon fire reach percent',wildfire
' fire fighter can feel love support crowd people sign flag scream',wildfire
'state fire right now ',wildfire
'please please help find mix lose  spring worry sick',wildfire
'haze today  wildfire',wildfire
'mexico  wildfire burn out control',wildfire
'wow keep think resident  spring',wildfire
'custom tee proceed benefit  wildfire victim',wildfire
'friend send me pic mall  spring so',wildfire
' wildfire survivor can help u mitigation u',wildfire
'say anticipate sign disaster declaration days  fire',wildfire
'pic park high school',wildfire
' wildfire future norm',wildfire
'thunderstorm expect affect nw portion pm today mph gust',wildfire
'pray pray think think send love friend  spring',wildfire
'photo  spring fire who take wow',wildfire
'guy raise money donate effort  wildfire please',wildfire
'thousand evacuate  wildfire close tourist destination',wildfire
'prayer go out people who have lose fire  burn out',wildfire
'husband have leave horse evacuate',wildfire
'affect  spring think prayer today',wildfire
' wildfire high park fire near fort collins devour acre',wildfire
'live view photo share social medium',wildfire
'one  wildfire burn area seattle',wildfire
' wildfire cause hotel closure amp chaos resident evacuate',wildfire
'wind heat fuel  wildfire forecaster expect warmer normal temperature wind',wildfire
'please join u pray impact fire  amp fight fire',wildfire
'fire spread  tourist center  s summer tourist destination over wee',wildfire
'en shock twitter picture  spring wildfire wi',wildfire
'cant believe city burn down speak love  spring want have evacuate',wildfire
'wildfire destroy home  crew join fight saturday wildfire',wildfire
'video  wildfire double size close be contain e',wildfire
'flame encroach  spring viewer  spring send us picture fire',wildfire
'have lot friend  keep bless battle wild fire lose house',wildfire
'burn square mile washington dc measure square mile nasa photo tc',wildfire
'displace family need basic household item please join effort',wildfire
'lord please watch over people over  who time wildfire please take care em',wildfire
'shout out  hope fire go out',wildfire
' spring co fire wind blow city today look like armageddon',wildfire
'damage assessment team be assemble determine structure have be burn damage or',wildfire
'south canyon fire fatality lesson learn',wildfire
'june please share help affect',wildfire
' fire news',wildfire
' spring area park fire near',wildfire
'pic helicopter drop water usaf academy  spring',wildfire
'fire now eat mile beloved ',wildfire
'say hate  spring place so',wildfire
'please join us pray impact fire  amp fight fire',wildfire
'can take couple or small family pet house evacuee live windsor',wildfire
'rain look like armageddon over there',wildfire
' wildfire get worse',wildfire
'visit review fire damage president fly  spring friday review',wildfire
'flee canyon fire live blog denver ',wildfire
'pm  fire near pike peak force home',wildfire
'ready more evacuate animal call dispatch find',wildfire
'fan help us raise  wildfire relief fund last night red rock speech',wildfire
'be hear few smoke report scanner afternoon so far no confirm fire',wildfire
'evacuation order nine aircraft now fight fire west  spring',wildfire
'putt be off why president care hurricane mean  wild fire',wildfire
'wind heat hamper  wildfire fight wind heat hamper  wildfire',wildfire
'high park fire kansas nebraska national guard support  like it',wildfire
'flood cause havoc yorkshire  burn wild fire close park desperate',wildfire
'man swear  fire',wildfire
'people who want volunteer may call put wait',wildfire
' see record fire damage',wildfire
'update  clay spring fire july beware smoke fire hazard',wildfire
'hear structure fly ranch now fire accord stuff happen here right no',wildfire
'send lot positive think county fort collins people affect',wildfire
'india large wildfire n  prompt evacuation',wildfire
'evacuee tell can return home wednesday',wildfire
'rain here hope it rain well',wildfire
'help assist disaster survivor t amp ',wildfire
' tour state wildfire chicago tribune  tour state',wildfire
'last chance  drive up close highway evacuate town',wildfire
'morning burn map still manage remain fire',wildfire
'burn area map monday night pm',wildfire
'confirm cause fire lightning',wildfire
'take look social medium help  wildfire relief',wildfire
'amaze video here',wildfire
'please bless home  spring fire',wildfire
'boulder so mile southwest fire have see report wind good',wildfire
' spring fire rank state record  spring',wildfire
'heat hamper effort fight  fire air force academy official evacuate h',wildfire
'tanker update pm drop gal retardant',wildfire
'christian respond  wildfire spread billy graham rapid response team ',wildfire
'panorama take today h hl amp ridge above co',wildfire
'wildfire  leave destruction wake thousand have be force flee flame',wildfire
'image nasa show scar canyon fire  blow',wildfire
' state university class disrupt high park fire',wildfire
'alert assist  victim donate help',wildfire
'wildfire  history',wildfire
' fire relief benefit concert red rock help wildfire victim auction start now be be',wildfire
' fire fire prompt evacuation warning boulder',wildfire
'announcement fire louis scare crap out suit',wildfire
'follow latest update live blog amp chat room',wildfire
' spring fire',wildfire
'notice part glacier view amp hill gulch road deer meadow way creek lane',wildfire
'fly over  spring his defense cut make fire put out pray people affect',wildfire
'large wildfire northern  prompt evacuation fox news wildfire northern ',wildfire
'wildfire  mexico ravage thousand acres forest cause',wildfire
'follow information update evacuation',wildfire
'friend take reservoir one favorite place co',wildfire
'wildfire percent contain still grow',wildfire
'develop evacuate  spring co area due wildfire press',wildfire
'open water swim reservoir cancel tomorrow due smoke area',wildfire
'wildfire twitter become news source',wildfire
'resident brief ranch',wildfire
'pray wildfire  affect friend out',wildfire
'please  spring suffer large forest fire text word donation thank',wildfire
'crazy',wildfire
'activist mass air rain melody may end ',wildfire
'bronco player visit firefighter battle  wildfire',wildfire
' double wildfire crew official plan more double amount fire engine battle ra',wildfire
' spring canyon wildfire force thousand flee flame',wildfire
'wildfire threaten tourism record heat  west hamper effort fight wildfire',wildfire
'fruit personnel stay campus need plenty fruit please donate',wildfire
'break firefighter tell local medium home have be lose canyon fire burn',wildfire
'thing can do help  wait fire out then spend tourist there hope',wildfire
'airstrip  spring',wildfire
'sunset high park fire picture',wildfire
'oh prayer crazy fire mom house  spring have',wildfire
'lot happen last call  governor fire fundraiser example',wildfire
' wildfire state history  wildfire',wildfire
'please keep  fire prayer it crazy up',wildfire
'wildfire photo feature burn  home former garland resident',wildfire
'prayer go out family effect  fire',wildfire
'reminder call center resident impact obtain information',wildfire
' wildfire photograph',wildfire
' wildfire fly ranch  spring destroy fire rebuild',wildfire
'pack ready evacuate need please pray city  spring',wildfire
'rip  cause death fire',wildfire
'radio county fire em',wildfire
'love go it so wish fire go',wildfire
'thank build fast have much time god bless',wildfire
'red cross aid distribution center set up old build foothill mall',wildfire
' wildfire explain low lead blaze summer',wildfire
'complain no power ac people  lose home live fire',wildfire
' governor lift fire ban rain forecast',wildfire
'take yesterday near  spring fire  have become life alter',wildfire
' fan house have burn down fire have nd cant send out tweet',wildfire
'send positive think who affect fire beloved home state ',wildfire
'shelter team arrive  morning amp be transfer divide co assist wildfire evacuee',wildfire
' spring community welcome evacuee pet power',wildfire
'benefit concert feature fray isaac  spring philharmonic',wildfire
' wildfire expand plan visit  spring firefighter',wildfire
' wildfire hop road',wildfire
' look like bomb go off',wildfire
'great one here  wildfire roar square mile fox news a link',wildfire
'profit tee benefit co red cross amp care share food bank help victim co',wildfire
'good thing there bunch fire go there two day',wildfire
'assist  victim donate help',wildfire
' wildfire wreck home official hope break weather',wildfire
'fire evacuation spark panic pet exodus evacuation order come pm last tuesday  spring',wildfire
'let find way help need',wildfire
'now city boulder mile',wildfire
'now burn more acre fire official say',wildfire
'notice amp include lory state park canyon amp stave prairie',wildfire
'find out good friend house burn down today forest fire  take care  friend',wildfire
'fan help us raise  wildfire relief fund last night red rock',wildfire
'flagstaff fire one ridge enter boulder',wildfire
'have hundred military family amp veteran evacuate fire now  need wake up',wildfire
'please evacuee can call emergency operations center fire amp',wildfire
'photo  wildfire space',wildfire
' spring burn give idea bad wild fire be',wildfire
'photo gallery multiple devastate wildfire burn ',wildfire
'please help friend co great way help support  fire thank',wildfire
'fire  may burn down hospital bear',wildfire
'pic boulder',wildfire
' fire smack face neighborhood  spring  evacuate can',wildfire
'say  need rain understatement see destruction fire cause',wildfire
'bronco de touch  wildfire tragedy',wildfire
'hear now wildfire  home acre lose prayer please',wildfire
'now acre containment firefighter work today',wildfire
'wildfire worsen  flee home',wildfire
' evacuate blaze jump perimeter near  spring',wildfire
'video  wildfire move fast',wildfire
'be finish up coverage night have latest tomorrow',wildfire
' wildfire erupt grow out control yahoo news',wildfire
' double size sunday',wildfire
'wild fire  right no',wildfire
'silence wildfire  deafen',wildfire
'latest follow get detail here',wildfire
'news tonight more people evacuate stay tonight',wildfire
'thank maria appreciate support need',wildfire
'pike peak hill climb face cancellation over  wildfire',wildfire
'grow wildfire bring evacuation  spring',wildfire
'boulder co volunteer take work reseed fire burn area',wildfire
' wildfire resident defy evacuation order',wildfire
'prayer go out people  state deal fire',wildfire
'tell acreage may grow toda',wildfire
'high park fire',wildfire
'prayer go out  spring area stay safe',wildfire
'can please visit help  fire help',wildfire
' wildfire epic proportion displace firefighter battle condition',wildfire
'people evacuate  spring',wildfire
'fine love wont  spring cu get wild fire down there',wildfire
'evacuation order issue park area notification send',wildfire
'help affect',wildfire
'create perimeter map data post today',wildfire
'prayer safety well be wildfire close  spring',wildfire
'evacuation order issue  high park fire',wildfire
'good work update mark denver be nm month know fir',wildfire
'social medium help  wildfire relief',wildfire
'high park fire compete blaze state seem whole state fire',wildfire
'current temp  spring degree',wildfire
'fbi investigate  wildfire',wildfire
'resident sign up county alert warning',wildfire
'mayor  spring fire destroy home washington post',wildfire
'pray close parent sister canyon fire  spring gazette co',wildfire
'sign welcome evacuee back soldier canyon area',wildfire
'scammer go co spring claim take donation victim cc',wildfire
'mt photo belgium brewery belgium brewery',wildfire
'let u know can see fire land  spring mile south fire',wildfire
' wildfire destroy hundred home  spring official say thursday hundred home ha',wildfire
'please please keep  spring co fort collins co prayer',wildfire
'asp have friend who live  evacuate city wild fire can please c',wildfire
' fire information amp resource pet owner co please share know ',wildfire
' wildfire burn home',wildfire
'pray victim  fire it get bad out there',wildfire
'final even update make progress containment check out link',wildfire
'moore animal offer free small animal board pick up evacuee info',wildfire
'evacuation lift flagstaff fire near boulder',wildfire
'creature do hour raise money  wildfire appreciate',wildfire
'high wind send flame foot air near top east white pine',wildfire
' wildfire force people leave home guardian',wildfire
'firefighter gain upper hand  wildfire gird long season',wildfire
'wind heat hurt  wildfire fight forecaster expect warmer normal temperature win',wildfire
'live medium brief',wildfire
'seem there heap plane be delay few hours hear there fire  cause havoc',wildfire
'grow acres one dead more structure burn',wildfire
' wildfire last chance fire percent contain',wildfire
' fire acre burn dead firefighter hop get control tuesday wildfire northern col',wildfire
'wildfire management say haze last least friday smoke come ',wildfire
'fire  go there july',wildfire
'smoke plume view northern county',wildfire
' spring fire threaten air force academy',wildfire
' spring wildfire',wildfire
'flame front side now little tuft smoke leave hand side feel rain',wildfire
' fire map  fire map sprawl wildfire northern  grow city',wildfire
' spring fire right now holy shit go rain damn',wildfire
' wildfire smoke choke cheyenne',wildfire
'send light amp heal energy who have lose home donate',wildfire
'degree cooler tomorrow north central amp high upper',wildfire
'county fire now put out or control',wildfire
'think firework today cant help think peep deal w',wildfire
'hundred home destroy rage  fire  spring official say thursday hundred home',wildfire
'home destroy  person found think pray people  spring time',wildfire
'photographer glacier view evacuation declare his photo gallery',wildfire
'burn acres grass farmland home amp fire truck lose structure',wildfire
'mt view jay spine',wildfire
'aerial picture show utter devastation cause  wildfire',wildfire
'second fire state history now percent contain',wildfire
'send shoot  wildfire front line',wildfire
'disaster cause  wildfire photo',wildfire
'fire rain test superintendent time  wildfire arrive a',wildfire
'pray who have be affect  fire hope best',wildfire
'reach point trip  see mountain wildfire see haze',wildfire
'prayer resident firefighter try put out fire hope ev',wildfire
' alert do have who help heroic disable veteran couple  spring need',wildfire
'picture someone take  spring look',wildfire
'fire  still burn',wildfire
' west fire thank environmentalist like epa forest management policy',wildfire
'do math acres co mile size island manhattan',wildfire
'lord god pray bring cool refresh rain  spring name jesus christ amen',wildfire
'us three network even newscast lead tonight rampage',wildfire
'canyon wildfire  spring co',wildfire
'cant do here fire go ',wildfire
'have wildfire whole nation wet now burn up over acres be get no help',wildfire
'he teach oh god demagogue speak  wildfire',wildfire
'be see forest fire hotel',wildfire
'front page shocker  family learn shock way home be lose fire',wildfire
'more city scale back or eliminate firework display wildfire rage ',wildfire
'follow rain front range  spring please god bless thank',wildfire
'alert home order evacuate due near bison drive boulder',wildfire
'thug rob home evacuate devastate  wildfire',wildfire
'update fire official now say may put fire out summer',wildfire
'firefighter search body  wildfire fox news abc search',wildfire
'high park fire ',wildfire
'wildfire rage  epa interior promise send emergency string',wildfire
'fire threaten home time sprinkler help create space thank',wildfire
'please pray state  there fire burn state recent',wildfire
' fire carroll butt park',wildfire
'mouth foam so bad put out  wildfire',wildfire
' spring canyon fire threaten air force academy',wildfire
'have time do creature charity stream  wildfire',wildfire
'affect help donate wet food or site',wildfire
'fire  spring there haze sky denver can smell smoke high',wildfire
' mexico forest fire crew gain ground story',wildfire
'accord google map  wildfire burn near chicago',wildfire
'news  wildfire president declare disaster news',wildfire
'update home lose more count come day',wildfire
'love smell campfire so much it burn town',wildfire
'view near  spring space tc',wildfire
'it acres burn consider spot fire main event',wildfire
'couple hour outside yellowstone sky fill smoke  fire',wildfire
'la time part air force academy evacuate  fire rage',wildfire
'home destroy  fire',wildfire
'containment red flag condition concern firefighter',wildfire
'please share help affect wild fire ',wildfire
'please pray aunt uncle cousin home danger wildfire ',wildfire
' wildfire fire safety',wildfire
'pray kid safe  crazy wildfire',wildfire
'es de pel americana',wildfire
'wish dad fight father day evacuate dad spend tomorrow',wildfire
'goodness amaze photo  spring effort',wildfire
' wildfire epic proportion displace test firefighter',wildfire
'community support  spring',wildfire
'team use technology predict movement wildfire study weather detail now',wildfire
'hope  safe fire love  pray',wildfire
' out control highway friend apartment',wildfire
'today fear cabin  succumb fire become reality',wildfire
' fire canyon wildfire spread',wildfire
'rage us wildfire continue ravage  list submission',wildfire
' wildfire fire explode front range',wildfire
'nexus euro  fire  spring',wildfire
'can do quick shout out fire victim  over mean lot',wildfire
'frighten photo  please stay safe',wildfire
'great info help',wildfire
'report  spring red flag warn today',wildfire
'president tour friday',wildfire
'wake up smell smoke denver morning think affect',wildfire
'president tour  wildfire ticket yahoo news',wildfire
'home risk  wildfire hundred family take refuge monday northern ',wildfire
'wildfire ravage  photo gallery yahoo news',wildfire
'flame grow pic',wildfire
'upload video canyon fire  spring june',wildfire
'change now',wildfire
' spring trend fire priority u please pray community',wildfire
'do few rain dance',wildfire
'think safe go outside fri degree sit degree know mean',wildfire
'case friend area country hear fire  spring disaster house',wildfire
'close palmer park  spring gathering high fire risk',wildfire
'why do  have have fire right now',wildfire
'there like fire  right now',wildfire
'ready set go evacuation',wildfire
'news update wildfire  leave destruction wake',wildfire
'wow mt terrify fire  spring co evacuation',wildfire
'dead  fire destroy over home  wildfire',wildfire
'hear loss gear best rest co resident tough time',wildfire
'pray divine intervention protection affect fire  spring',wildfire
'help affect co fire',wildfire
'pray people  spring deal worst wildfire decade here live stream',wildfire
' wildfire high park fire county now up acres burn',wildfire
'home lose due canyon fire  spring body found remain destroy home',wildfire
'resident red feather lake crystal lake need use cherokee park road cr',wildfire
' wildfire community step up',wildfire
'home  spring threaten wildfire accord',wildfire
'sky news  wildfire blaze claim first life',wildfire
'please continue pray rachel amp  fire',wildfire
'release stun bird eye view  wildfire fire nm amp ut',wildfire
' wildfire extreme weather condition stoke high park fire tax firefighter',wildfire
' fire death trap libertarian dream',wildfire
'back news latest perimeter map last night',wildfire
' wildfire destroy hundred home abc news',wildfire
'hear  spring scanner wind',wildfire
' tourism hop overcome effect fire boulder cottage lodge nestle',wildfire
'smoke alter rid summer so contact me',wildfire
'official  high park fire claim home state history',wildfire
'amaze time lapse footage  spring fire',wildfire
'car donate help displace animal  wildfire',wildfire
'interest  wildfire destroy hundred home',wildfire
'think affect  look like image out movie',wildfire
'see happen  spring major wildfire evacuate major news net',wildfire
' wildfire look prayer near',wildfire
'high park wildfire whip ',wildfire
'no evacuation  spring amp no change mandatory evacuation stream',wildfire
'press conference acre containment type incident command take over',wildfire
'mt terrify fire  spring co evacuation',wildfire
'watch hudson firework',wildfire
'state fire',wildfire
'thank firefighter who out protect home save live',wildfire
'high park fire  blaze burn record number home denver crew arrive',wildfire
'make push north over red feather lake road glacier view more evacuate',wildfire
'fire grow',wildfire
' wildfire now over acres official say more personnel battle blaze',wildfire
'may see  wildfire plane',wildfire
' wildfire continue wind loot add problem',wildfire
'tanker helicopter head up paradise park drop water',wildfire
' wildfire worsen flee home',wildfire
'surge  wildfire force ten thousand flee',wildfire
'so  ski wildfire style',wildfire
'firestorm epic proportion proportion canyon canyon fire  spring',wildfire
'please affect know make arrangement get affect out do',wildfire
'prayer firefighter amp affect wildfire ',wildfire
'wildfire blaze  threaten us air force academy',wildfire
'video top story here latest news tuesday june  fire rage dry',wildfire
'over people evacuate last night path canyon fire ',wildfire
'think pray  spring resident fire happen prepare',wildfire
'wow amaze map have see take while load worth it',wildfire
' spring relief update thank help out time',wildfire
'shock twitter picture  spring wildfire',wildfire
'meet donkey who lead donkey horse safety evacuation',wildfire
'chapel hill mall  spring offer evacuee lounge begin more',wildfire
'people  shrug off fire one one can put out due wind have heart attack over rain',wildfire
'ten thousand flee home  wildfire double size fox news thousand',wildfire
'prayer go out affect wildfire  lord ultimate protector trust',wildfire
'watch smoke plume grow spread drive home work afternoon stuff',wildfire
'ten thousand flee home  wildfire double size fox',wildfire
'photo take someone wildfire  spring show there help',wildfire
'look like there nothing do  cancel fire',wildfire
'there fire go  heat wave help pray rain people lose home',wildfire
'assist  wildfire victim donate help denver post',wildfire
'think say go have double raw sd sd cancel  recent fire',wildfire
'high park fire west fort collins consume acres so far contain continue grow',wildfire
'back newsroom nap few hour couch sport office',wildfire
'view virginia dale traffic camera near border',wildfire
' fire fly',wildfire
'pray rain now acre',wildfire
' fire near containment',wildfire
'aftermath forest fire',wildfire
'mayor fire destroy estimate home state history',wildfire
'co close brush due wildfire road closure begin june',wildfire
'join effort help pet affect  wildfire press release',wildfire
'cant believe happen nw side  spring fire right now devastate thing see',wildfire
' fire except rockies',wildfire
'forest fire ',wildfire
'good development mt jump climb drainage near glacier view',wildfire
'pray cousin  spring have evacuate wildfire',wildfire
'want apologize state  be so start fire',wildfire
'great boulder fire',wildfire
'meanwhile  fire receive percent snowfall climate change myth',wildfire
'afspc shoot ground  spring help fight speak',wildfire
'photo boulder see mt so wildfire  now',wildfire
'contain jump',wildfire
' wildfire state emergency declare',wildfire
'blog post spruce pool quick note follow disruption fire boulder',wildfire
'flee wildfire ',wildfire
'latest fire  spring go',wildfire
'shock twitter picture  spring wildfire hope relative there safe',wildfire
'love firework due fire there no firework ',wildfire
' ban firework due fire save me virginia',wildfire
'sober now grow over square mile square mile',wildfire
'live brief bill kind fire fight couple day head home here long time',wildfire
' wildfire destroy more home structure toll',wildfire
'concern today explosive weather condition heat high wind low humidity',wildfire
'wildfire near  spring become threat thousand resident evacuate home j',wildfire
'smoke free day fort collins smoke settle now close window',wildfire
' wildfire tanker resume fight high park fire denver post fox wild',wildfire
'record  wildfire probe possible arson',wildfire
'wildfire burn west fort collins  destroy home',wildfire
'update correct link heavy smoke boulder valley foothill local fire',wildfire
'wildfire near  spring',wildfire
'know talk bottle fight  wildfire kkk',wildfire
'happen  spring past week touch shade feel obligate give back',wildfire
'movement region  hit fire beg federal help',wildfire
'great point do see request tanker form canada aid be make',wildfire
' fire swell size rage wildfire swell day acres northern  b',wildfire
'have string lightning strike fire report south',wildfire
'see amaze photo  wildfire denver post',wildfire
'read news  spring horrify enjoy visit there couple years safe local',wildfire
'no wonder allergy crazy please pray fire  get control so so',wildfire
'incident command ne amp se corner flank east flank ft collins',wildfire
'prayer friend mother house area near  spring wildfire',wildfire
'southeast family center  spring co',wildfire
'more home may have burn  wildfire',wildfire
'president land back washington trip  fire first family go camp',wildfire
'trauma lose home go take chunk out property tax revenue',wildfire
'house displace kitty or two need cc',wildfire
'due  wildfire trip cancel so drive nevada go california',wildfire
'resident tour neighborhood devastate  spring wildfire washington post',wildfire
' wildfire last chance resident stand tall wildfire',wildfire
'heavy smoke haze may see wildfire burn ',wildfire
'joint venture western land amp community produce guide manage impact',wildfire
' wildfire now percent contain lexington ky news',wildfire
'evacuation order',wildfire
' fire claim first victim rank state wildfire force',wildfire
' thank send more drink',wildfire
'pray  affect fire keep safe',wildfire
'news hundred force home  wildfire',wildfire
' spring listener be pray crazy fire',wildfire
'please text word fire donate  fire relief fund',wildfire
'fire burn out control witness say  highway clog flee refugee describe sc',wildfire
'no firework no explosion no exception want well say no fourth july',wildfire
' spring wildfire force more home',wildfire
' wildfire no',wildfire
'pray up  spring wildfire up there',wildfire
' wildfire now percent contain',wildfire
' spring town please can help help donation',wildfire
'monster  wildfire rag plan visit',wildfire
'air s shift  wyoming battle wildfire south dakota wyoming',wildfire
'pic like live fire blog here',wildfire
'know  wildfire way become fema disaster ala',wildfire
' have blast hope wildfire spread stay',wildfire
'least home street  spring  have be destroy canyon',wildfire
'northern rockies crew mobilize  mexico assist fire suppression effort',wildfire
'creature do charity stream victim  cross amp firefighter',wildfire
'denver news  wildfire rank state history denver',wildfire
' town evacuate wildfire near',wildfire
'game athlete affect  fire action sport portal game competition enough it',wildfire
'home destroy  spring official say',wildfire
'visit  fire turn speak  spring  tour',wildfire
'prayer alert remain prayer fight fire  spring amp people',wildfire
'guy  spring trend prayer go out fire girl know live',wildfire
'forest ecologist forest out whack it whole life zone out whack',wildfire
'update be announce east seaman reservoir',wildfire
' wildfire come control devastation',wildfire
'great coverage why matter u continue flow',wildfire
' wildfire human remain find containment grow',wildfire
'fire reach city  spring please pray',wildfire
'source tell yr old woman die',wildfire
'live brief commander fire cross river do be go have time wi',wildfire
' map fire',wildfire
'great libertarian experiment  spring put out fire throw copy atlas',wildfire
'latest acre contain least home destroy glacier view area',wildfire
' wildfire evacuate blaze jump perimeter near  spring lookout',wildfire
'mayor  spring fire destroy home mayor  spring fire destroy home',wildfire
'smoke can harm worsen breathe problem even mile check air quality',wildfire
'target can someone tell me donation need evacuee firefighter',wildfire
' high park fire potential looter pose threat abc news abc high park fire',wildfire
'think prayer victim  wildfire',wildfire
'safe south boulder friend one break heart',wildfire
' spring el county  fire em live audio fee',wildfire
'plan wildfire fire firefighter ignore climate change take koch brother',wildfire
'keep ten thousand affect  wildfire heart mind spring',wildfire
'god know go death teacher pastor jail crazy fire ',wildfire
'have see fire ',wildfire
'info webpage lot advice fire safety list evacuation checklist structure map',wildfire
'sunset shoot last april top mountain now',wildfire
'large wildfire n  prompt evacuation crew battle',wildfire
'follow fort collins  wildfire spread mexico follow',wildfire
'hundred home destroy rage  wildfire',wildfire
'forest fire  mexico',wildfire
'think saw say  fire',wildfire
'smoke close comfort stay safe',wildfire
'wildfire above',wildfire
'denver post receive prize coverage  fire',wildfire
'hope rain make up fire do firefighter good',wildfire
'live video canyon fire  spring',wildfire
'home town  spring co fire',wildfire
'shock twitter picture  spring wildfire pray',wildfire
'wildfire boulder county can see smoke north',wildfire
'more flagstaff fire co',wildfire
'view flame ridge air drop seem prevent rollover canyon',wildfire
'it slow progress need have weather have last couple days',wildfire
'think amp prayer flood victim florida amp south amp  victim fire situation',wildfire
'help  fight wildfire allocate resource now screw up',wildfire
' fire acre burn dead firefighter hope get control tuesday',wildfire
'so fire  god wrath time',wildfire
'latest video amp map',wildfire
'high wind fuel canyon fire now engulf hill overlook  spring',wildfire
'rain well lightning come it start boulder fire yesterday',wildfire
'live video out mountain shadow area look terrify firestorm brew above home fire move',wildfire
' wildfire smoke smudge sky wyoming smoke northern',wildfire
'forest fire break out boulder forest fire co right now pray heart out',wildfire
'red cross send one texas leaders  help midst devastate wildfire',wildfire
'official fire',wildfire
'fundraiser saturday so stay tune more detail',wildfire
'video wildfire tear northern  destroy house renovate',wildfire
'man fire save  people',wildfire
'hundred evacuate wildfire  mexico continue spread',wildfire
'canyon fire near  spring reach percent containment',wildfire
'poor baby  spring heart out hometown unite state so dry fire ar',wildfire
'update burn estimate acre be contain northwest quadrant fire pi',wildfire
'please keep  florida prayer wildfire flood',wildfire
'wildfire  need stop',wildfire
' wildfire wind whip flame order evacuate',wildfire
'help support  wildfire victim get rad process',wildfire
'watch video climate change blame  wildfire',wildfire
'trinity brew owner  spring fire beer release',wildfire
'here pueblo  week plus fire  spring',wildfire
'amaze photo  spring fire',wildfire
' spring police close palmer park precaution',wildfire
'monster  wildfire rage plan visit',wildfire
'want help victim  spring fire brother share way here',wildfire
'forecast smoke',wildfire
'material donation need time support best way help',wildfire
'crew go offensive grow  wildfire',wildfire
'police ask resident w property back up open space turn sprinkler leave',wildfire
'spread word pastor farrell first church gather prayer  spring at',wildfire
'president speak  wildfire live',wildfire
' wildfire worsen force more home usa',wildfire
'fire near  spring claim house life',wildfire
'rage  wildfire prompt fbi investigation  wildfire',wildfire
'break near weld co amp there evacuation pic',wildfire
'rage wildfire  history news',wildfire
'please keep family well family have evacuate  spring area due forest fire prayer',wildfire
'fire near  spring  double size over square mile',wildfire
'good morning producer duncan shaw here morning news meet well cover day long',wildfire
'best wish northern  friend who path out control high park fire',wildfire
'agency help fight thank',wildfire
'well have button reason do make lowbrow joke week',wildfire
'amp report c help  wildfire effort crash south dakota pm md',wildfire
'boulder county crew handle two fire start lightning foothill west tonight one sugarloaf',wildfire
'website contain fire info map disaster recovery center detail',wildfire
'stock forest dry fuel lack high wind fire',wildfire
'shame  have rain',wildfire
'home fear destroy  spring fire abc home fear destroy in',wildfire
'year old kill',wildfire
'acre mile same size city mile',wildfire
' wildfire burn home u news',wildfire
'high wind hamper effort fight  wildfire',wildfire
'help  spring military community threaten fire',wildfire
'crazy fire ',wildfire
'better man me hope thomas lose  wild fire',wildfire
'notice city',wildfire
'hundred home destroy  spring fire need help',wildfire
'wind today out ne fill front range see go w',wildfire
'can donate wildfire relief ',wildfire
'please pray affect fire  here s',wildfire
'avoid wildfire wet no so far',wildfire
'have resource need continue there competition resource',wildfire
'epic wildfire send ten thousand scramble safety ',wildfire
'get family  spring so be keep close eye wildfire website',wildfire
' wildfire social medium response map',wildfire
'hear  spring tv reporter interview tonight',wildfire
'please pray resident  wind fire spread pray ',wildfire
'alley cat ally offer remote assistance region ',wildfire
' spring fire ten thousand force',wildfire
'photo here update look lens',wildfire
'way well air live coverage can follow pic',wildfire
'deal  fire',wildfire
'federal firefighter go wildfire spread  federal fighter state an',wildfire
'oh wow remember use live  spring glad experience anything like fire',wildfire
'amaze coverage terrify  wildfire denver post',wildfire
'look  multiple wildfire see space',wildfire
'home risk  wildfire hundred family take refuge monday northern col',wildfire
'pose firefighter  spring',wildfire
'think folks  u know bout fire sympathy hell fire',wildfire
'wildfire  leave destruction wake',wildfire
'entire state  fire imagine it due population atheist fair state',wildfire
'hope greeley ok wildfire ',wildfire
'say hundred home destroy  spring fire',wildfire
'i',wildfire
'fire  spring be evacuate',wildfire
'fan know guy near  fire evacuation',wildfire
' wildfire hop road firefighter thursday make progress wildfire mile west',wildfire
'explode acres personnel site more evacuation order story amp photo',wildfire
'amp fuel climate change',wildfire
'pray ',wildfire
' wildfire see space video release nasa show plume smoke billow up in',wildfire
'pray rain  fire destroy one place america',wildfire
'thank firefighter emergency crew fight think',wildfire
'pray ur  be affect fire',wildfire
'neighborhood  spring no protection enough resource scene',wildfire
'accord one third fire retardant equipment country here county',wildfire
'god bless citizen amp responder  wild fire',wildfire
'firefighter amaze thank emergency crew head',wildfire
'declare disaster  aid supplement recovery',wildfire
'live coverage  spring fire denver post',wildfire
'friend be declare disaster  spring due fire prayer need send em up',wildfire
'well second shout out local news agency keep people update',wildfire
'live feed',wildfire
'keep eye it way us now so blow up',wildfire
'think  out fire stay safe',wildfire
' spring danger inferno please pray house burn amp',wildfire
'hope rain hit  put out fire get friend air force academy',wildfire
' wildfire smoke blow cheyenne usa today usa wildfire smoke blow cheyenne',wildfire
'alert people evacuate  spring due',wildfire
're symbol today map mt effort tomorrow reduce',wildfire
' wildfire explain perfect storm weather condition man folly have put us here  i',wildfire
' spring burn must give peace mind lay off firefighter lower tax',wildfire
'prayer alert remain prayer fight  spring amp people',wildfire
'evacuation area notice be lift please check out link',wildfire
'fire mile air force academy  burn up smell smoke',wildfire
'more firefighter have be recruit help fight rage wildfire western us state ',wildfire
' spring fire approach air force football stadium pic wow un',wildfire
'crystal road upper leave now take pet burn pattern cut off exit',wildfire
' wildfire worst decade',wildfire
'emergency crew  spring brave godspeed hell there right now',wildfire
'think amp prayer go out victim lose love one wildfire  do fundraiser',wildfire
'fire victim film own evacuation',wildfire
' fire near pike peak force home',wildfire
'still open large animal people',wildfire
'head home denver even  spring fire',wildfire
'wildfire burn  while one grow',wildfire
' wild fire now acres grow respect fire fighter think',wildfire
'now containment burn acre',wildfire
'holy shit now there fire boulder',wildfire
'mulberry amp vie west min can believe it mile',wildfire
'photo fire threaten man nature photo northern  fire rage',wildfire
'meet woman today who escape town boulder house destroy',wildfire
'live fee up aerial  spring wild fire',wildfire
'forest fire  spring live there couple month hill',wildfire
'dispatcher heavy air tanker now en route west',wildfire
'pray  fire worst yr perfect storm thousand be evacuate',wildfire
'outpouring support help  fire evacuee',wildfire
' spring fire evacuation area expand boulder brace',wildfire
'parent have evacuate do steal photo',wildfire
'official update status high park live',wildfire
' fire claim first victim rank state  spring',wildfire
'hope someone do start fire go here  disgust',wildfire
'be insurer establish claim center near rage wildfire outside two  city',wildfire
' wildfire wind canyon fire concern official mercury news',wildfire
'rain give firefighter edge canyon fire  spring full containment expect week phot',wildfire
'ok cause there fire  spring know live there so yea',wildfire
'local volunteer respond fire near last',wildfire
'great site keep up canyon  place fire',wildfire
'sunset hometown fort collins high park fire smoke',wildfire
'forest fire here  up mountain',wildfire
'help  recover fire',wildfire
'rain lord send put out fire  safety',wildfire
'please help  spring need help can get right now',wildfire
'sun look like  smoke fire',wildfire
'heavyweight  fire get back octagon',wildfire
'homeowner park pine acres part canyon have be notify home have be destroy',wildfire
'want donate family go',wildfire
'firefighter hope contain  wildfire or july',wildfire
'news home  fire effort gain ground news home t',wildfire
'alert evacuee allow return home begin pm tonight',wildfire
'bronco pledge  wildfire relief effort',wildfire
'solidarity brother sister  let hope pray quick end fire',wildfire
'watch live  wildfire aerial',wildfire
'fire start get control  mean need stop think people',wildfire
'positive think people wind subside so can control fire',wildfire
'view smoke sunday',wildfire
'crash air force plane ground key part fleet  spring air fo',wildfire
'send much positive think can spring love land',wildfire
'pray people animal entire community affect',wildfire
'father please men woman fight  spring area please',wildfire
'fire bring  spring evacuation',wildfire
'good news great progress report fight  spring fire',wildfire
'groan come  spring canyon fire like need',wildfire
'wildfire burn  thousand evacuate spate wildfire burn  sunday',wildfire
'mexico  fire burn out control',wildfire
'evacuate home canyon wildfire live coverage  affiliate',wildfire
'need proceed go benefit  wildfire victim',wildfire
'hundred home destroy  fire  spring official say hundred home have be destroy',wildfire
'us model say  get wildfire end rain week right worst summer over there',wildfire
'please pray  spring  there giant wild fire burn town please raise awareness',wildfire
'start fire  need',wildfire
'be read  wildfire burn summer official fear',wildfire
'wildfire force more evacuation',wildfire
'fact side  spring burn down hope fire',wildfire
'now history take home now over acres w m damage',wildfire
'offer assistance people impact  wildfire press release',wildfire
'glow hillside sound siren unknown event dark  spring tonight',wildfire
'good stephen analysis  fire landscape have polarize much politics',wildfire
'terrify picture photo outside air force academy  spring',wildfire
'item need donation center',wildfire
'wildfire smoke health advisory little sand pine ridge canyon',wildfire
'poor visibility due smoke be blow city',wildfire
'latest info acre structure damage person miss story update here',wildfire
'mt please keep firefighter day loom',wildfire
'resident evacuate wildfire can go home over days',wildfire
'worst  wildfire i',wildfire
'continue foothill mall out morning',wildfire
'can help donate here help victim  wildfire',wildfire
'boulder fire prompt mandatory evacuation fire erupt boulder county tuesday afternoon be',wildfire
'photo wildfire rag behind air force academy ',wildfire
'think go out affect fire  let get trend',wildfire
'denver news  sizzle record heat monday fire danger high',wildfire
' spring fire spread tourist area pike peak mountain park',wildfire
' fire sweep social medium site reader look info denver post',wildfire
' fire force resident evacuate double size square mile photo',wildfire
'current estimate acres know more morning night ir picture take',wildfire
'here pic  fire space',wildfire
'western wildfire force evacuation firefighter  mexico battle wildfire m',wildfire
'news  wildfire photo picture  worst fire season decade photo',wildfire
'lot action newsroom get much worse',wildfire
'one followers please  spring burn can help',wildfire
'sw side ft collins it like scene independence day',wildfire
'pray  spring',wildfire
' governor lift fire ban',wildfire
'evergreen air b tanker miss action fight  fire',wildfire
'pm evacuation spring fire make run dispatcher say',wildfire
' high park fire burn square mile',wildfire
'week it be better behave today',wildfire
'lord please bring rain  so fire stop folk stop lose there home please pray',wildfire
' wildfire worsen force more home  spring monster  wildfire rag near o',wildfire
' wildfire worsen force more home',wildfire
'holy wind gust up tonight',wildfire
'think prayer deal fire ',wildfire
'please pray friend home glen eyrie spare wildfire sweep  spring',wildfire
'live brief bill prognosis day little better extreme weather condition',wildfire
'fire spread  tourist center wildfire move  summer tourist d',wildfire
'lord protect path fire  please send divine extinguisher fire',wildfire
'support fight fire northern  say three cheer fire fighter here view',wildfire
'picture  wildfire',wildfire
' spring may god show blessing time alberta lose much town last year fire amp heart go out',wildfire
'frighten scene  spring mt air force football stadium bottom',wildfire
'think amp prayer victim  wildfire amp brave fire crew work day',wildfire
'evacuation area be expand woodland park area text',wildfire
'pr waive distribution fee  fire relate news release',wildfire
'i now close exit exit alternate route cutoff',wildfire
'join pray responder  amp  spring area',wildfire
'photo get dirty visit  help wildfire crisis',wildfire
'pray high park fire update acre home confirm destroy',wildfire
'more order flee  wildfire usa today usa order flee ',wildfire
'prayer go out  spring',wildfire
'try get more resource air ground crew military assistance compete fire resource due fire',wildfire
' feature plague locust first fire come then firefighter arrive fig',wildfire
'canyon fire  spring surround area family live it',wildfire
' fir',wildfire
'figure out why  fire al qaeda hack cia weather control satellite use virus implant',wildfire
'continue have multiple head or front firefighter work home found burn fire',wildfire
'conservative blame  wildfire',wildfire
' wildfire',wildfire
' double wildfire crew',wildfire
'co change landscape people complete limbo one say',wildfire
'send prayer affect fire',wildfire
'disaster recovery center open morning johnson hall bring resource',wildfire
' high park fire now contain hundred home evacuate',wildfire
'think  so wildfire latest one close house work',wildfire
'be ballgame stuff there co spring',wildfire
'goodness hometown  spring seem fire turmoil go down there',wildfire
'near spring double size over square mile',wildfire
'course do post do climate change cause  wildfire',wildfire
'visit home allow area burn  fire people who flee fire  h',wildfire
'thousand flee fire  spring',wildfire
' fire',wildfire
'crew out there risk life think',wildfire
' fire top acres weather stay firefighter  face round ni',wildfire
'acreage high park fire containment here link update map',wildfire
'people have be evacuate  spring home page still find upset',wildfire
' spring fire consume home force flee chronicle spring fire',wildfire
'so acres contain firefighter home destroy dead',wildfire
