'console family survivor  blast waco  president thursday',explosion
'hour waco be prepare waco west ',explosion
'world come end explosion  amp half country flood great',explosion
'go  fertilizer factory explode fertilizer production facility',explosion
'death toll rise  blast',explosion
'explosion  plant',explosion
'picture west fire please pray family small town',explosion
'watch  explosion coverage fox death destruction hop best',explosion
'shelter resource victim',explosion
' fertilizer company heed disclosure rule fertilizer plant have last year be store t',explosion
'news people may dead result fertilizer plant explosion',explosion
'picture  fertilizer plant blast',explosion
're still think west ',explosion
'video capture  fertilizer plant explosion',explosion
'west  fertilizer plant year no full inspection ton ammonium explode',explosion
'doctor report  explosion nobody know number death a',explosion
'houston remove tweet claim have be confirm dead west ',explosion
'cool cat man miss boston bomb then miss  fertilizer plant explosion',explosion
'fuck happen  explosion world get day man',explosion
'usa have rough wee',explosion
'heart break america people have lose live week',explosion
'people act like  bomb fertilizer plant explode so quit overreact say',explosion
'wake up see real damage  explosion cause',explosion
' authority report dead over injure fertilizer plant explosion',explosion
'explosion report fertilizer plant west co',explosion
' plant blow up carry m policy  fertilizer plant explode last month',explosion
'there explosion ',explosion
' fertilizer plant explosion register earthquake building',explosion
'pray west ',explosion
'continue coverage fertilizer plant explosion share think',explosion
'firefighter still miss fire blast fertilizer plant say police',explosion
'story fertilizer plant explosion plant fell crack',explosion
'guy please remember can donate blood today gather up item displace family',explosion
'least people injure west  plant explosion department public safety spokesperson',explosion
'prayer affect explosion waco god',explosion
'explosion fertilizer plant near waco cause injury send flame sky',explosion
'explosion ',explosion
'bomb boston earthquake japan bomb oregon now explosion  happen week',explosion
' cry today explosion',explosion
'explosion catch video dad record video fertilizer plant fire then explode',explosion
'remember amaze explosion meteor check  one',explosion
'authorities fertilizer plant explode near waco  apr',explosion
'criminal investigation launch over  fertilizer plant explosion material found',explosion
' plant explosion reveal gap workplace safety laws',explosion
'rescue hamper wind death toll still unknown follow live update',explosion
'remember west  disaster claim live',explosion
'hold benefit concert west ',explosion
'more bad news week think prayer go out community west ',explosion
'american want enforcement workplace safety laws  explosion',explosion
'see humans no humanity',explosion
'explosion waco tx',explosion
'nice see more want know happen down there pray boston waco',explosion
'marathon runner return home witness plant explosion wow',explosion
'dea',explosion
'explosion u',explosion
'think prayer go out affect west  tragedy much week',explosion
'more photo waco',explosion
'west  explosion explain physics behind blast news',explosion
'movie theatre shoot mall shoot school shoot boston bomb  explosion mayan must have be couple month',explosion
'so  fertilizer plant explosion rescuer search survivor miss people abc news',explosion
'think prayer go out fellow brother amp sister affect plant explosion west  it accident',explosion
'check out do project benefit west relief fund',explosion
'think prayer go family affect explosion ',explosion
'now have get guy explosion  even wear suit tie',explosion
'news come out work say expect dead blast include firefighter',explosion
'can offer house or search house wake west explosion see doc',explosion
'it waco explosion west  get right',explosion
'thing see cant even see hear',explosion
'waco ',explosion
'official injure  plant explosion',explosion
'least two kill hundred injure explosion fertiliser plant near waco ',explosion
'explosion update local medium report least dead hundred injure fertiliser plant',explosion
'still send prayer',explosion
'view aftermath',explosion
' explosion boston bombing assassination attempt light skin nigga it be rough week',explosion
'domestic news west  paramedic arrest relate blast source',explosion
'west fertilizer plant explosion lawyer explosion lawyer tx',explosion
'experience life',explosion
'terrify event week prayer go out victim family',explosion
'injure  fertilizer plant explosion',explosion
' fertilizer plant explosion register magnitude quake break news',explosion
'soul cleanse roommate collect pile clothe donate west ',explosion
'president west  forget',explosion
'gloat over dead body calif paper print sicken cartoon west  explosion',explosion
'explosion fertilizer plant west tx tonight photo scene',explosion
'console family survivor west  plant explosion',explosion
'break news  explosion five firefighter one police officer dead explosion fertilizer plant fox pray',explosion
'perry blast california newspaper cartoon depict  plant explosion',explosion
'word president attend memorial who die blast west ',explosion
'so',explosion
'news reporter explosion  make british news correspondent look so modern',explosion
'apartment near explosion',explosion
'explosion fertilizer plant stay us latest detail',explosion
'leave country',explosion
'perry declare fertilizer explosion site disaster area',explosion
'first boston now  prayer out affect amp',explosion
'think explosion  more boston bomb',explosion
'best web something impact fertilizer plant west  comet fragment',explosion
'fertilizer may have cause  explosion usa today usa today houston t',explosion
'long line back home west resident',explosion
'keep  waco prayer tonight over dead let us stay nation do time',explosion
'do see  fertilizer explosion',explosion
'report dead tonight fertilizer plant explosion hundred more injure',explosion
'multiple injury report  fertilizer plant explosion',explosion
'so explosion waco home state cant believe happen lord give us strength',explosion
'update two people confirm dead fear up may have die hundred injure waco ',explosion
'first responder fertilizer plant explosion arrest pipe bomb occupy america',explosion
'jesus have mercy up people west ',explosion
'heart go out boston victim victim  plant explosion',explosion
'blair cove apartment offer house have unit number',explosion
'earth day here latest  fertilizer plant explosion oil spill arkansas',explosion
'animal come north  adoption follow explosion',explosion
' perry memorial ordinary individual bless courage forget who',explosion
'holy shit watch',explosion
'multiple injury report plant explosion',explosion
'people include first responder die fertilizer plant blast west  mayor tell usa today',explosion
'photo explosion rip  fertilizer plant explosion  fertilizer plant',explosion
'brother his girlfriend take care kitten rescue west explosion',explosion
'friend amp customer  wonder can best help out tragedy west',explosion
'one thing watch',explosion
'break twelve body recover follow  fertilizer plant blast people injure',explosion
' fertilizer facility do have sprinkler valve fire alarm or require blast wall',explosion
'holy fuck',explosion
'video',explosion
' explosion ruin smoke burn home film blast video',explosion
'major explosion  cause lack law enforce regulation  zone',explosion
'dallas morning news report part town west level fertilizer plant explosion',explosion
'hearts prayer west  last night tragedy please continue keep pr',explosion
'continue',explosion
'break police amp people kill  fertilizer plant explosion hurt turn good morning',explosion
'em director say dead west explosion confirm',explosion
'happen west ',explosion
'mayor kill blast include volunteer firefighter dallas firefighter',explosion
'devastate catch camera fertilizer plant explosion near waco ',explosion
'shit  no bomb build fire end up be explosion off gas amp fume',explosion
' town honor dead fertilizer plant blast kill april explosion first re',explosion
'pray injure people hope no casualty',explosion
'west fertilizer co say plant have no alarm firewall or automatic system',explosion
'see blast martin cover latest detail fertilizer plant explosion rock',explosion
'pressure cooker bomb entire build tick time bomb west fertilizer domestic terrorism',explosion
'hear explosion shock nick grandparent live there so',explosion
'think west  so first responder kill there fertilizer plant explosion',explosion
'ranger fan help west ',explosion
'waco explosion dispatch people trap fire need can send',explosion
'why wont medium report tx fertilizer explosion kill',explosion
'national memo week  explosion illuminate glare hypocrisy rick perry ted',explosion
'god problem or situation',explosion
'holy',explosion
'dead people cry think prayer go victim',explosion
'number continue change  explosion confirm explosion level block',explosion
'tragedy now west  happen now unite state',explosion
'boston marathon runner return home  witness plant explosion fox news',explosion
'listen lieutenant colonel potter',explosion
'walk wind west blast continue arrive waco hospital administrator say',explosion
'kill hundred injure fertilizer plant explosion dallas fort worth',explosion
'latest update west explosion night follow reporter there',explosion
'now find out earthquake feel tonight so send prayer out tonight',explosion
'update explosion west  or dead more injure',explosion
'heart go out dozen kill explosion hope no one get hurt',explosion
'coffin first responder',explosion
'think prayer colleague affect explosion fire',explosion
'still mit boston wow so bomb fire explosion  know wow bad wee',explosion
'send hope prayer people waco ',explosion
'house business destroy  fertilizer plant explosion',explosion
'get report out waco  explosion fertilizer plant multiple injury responder',explosion
'explosion  crazy people evacuate enough',explosion
'de en  corrie west',explosion
'think go out  boston',explosion
'read first responder scene  fertilizer blast',explosion
'fertilizer plant explosion near waco  day anniversary crazy cult standoff happen waco',explosion
'family obtain information family member',explosion
'prayer explosion hit fertilizer plant north waco ',explosion
'explosion hope people ',explosion
'republican who vote aid ask aid west  explosion',explosion
' high alert there waco explosion scare pray people freight scare',explosion
' official honor firefighter kill fertilizer plant explosion washington post washington p',explosion
'explosion aa fertilizer plant near waco  injure multiple people vancouver',explosion
'video moment explosion  fertiliser plant score hurt amp unknown number dead',explosion
'please keep ur think situation loss worst over',explosion
'explosion please',explosion
'photo explosion  reveal mass destruction blast',explosion
'disaster em director say people fear dead  fertilizer plant explosion video',explosion
'break entire town west  evacuation fume may spread',explosion
'boston forget disaster west  peep lot help need there',explosion
'west  ce pas en waco',explosion
'multiple fatality now report  plant explosion area',explosion
'wow crazy world be in take single day grant',explosion
'today think prayer victim explosion west family may god bless west',explosion
'say home school nurse home amp apartment build level dead hun',explosion
'watch news west tx fertilizer plant explosion prayer victim',explosion
'want love countryman  here',explosion
'aerial photo show destruction west tx',explosion
'create special section dedicate story multimedia info help',explosion
'boston bomb  explosion time mit shoot',explosion
'west be backyard life heart pray community call home',explosion
'jesus christ guy see video  plant explosion go',explosion
'have family  emergency number information',explosion
'large explosion report fertilizer plant near waco ',explosion
'tweet plant like inspect yr',explosion
'police people kill fertilizer plant explosion more hurt',explosion
'death toll rise  blast let forget',explosion
'disgust lack concern coverage west  bomb',explosion
'explosion west ',explosion
'boston marathon bomb west tx explosion pass us house tell two',explosion
'raise fund or west tonight plan tuesday april',explosion
'west  blast rescuer arrest criminal probe open last month blast',explosion
'it degree waco people line up block outside give blood',explosion
'ted ask federal aid  explosion vote federal aid',explosion
'explosion en  no se',explosion
'wow fertilizer plant explosion  thing so much happen',explosion
'mi e para la de de waco ',explosion
'god give challenge know overcome',explosion
'photo  fertilizer plant explosion',explosion
'send think prayer people west tx damn',explosion
'sick stomach think fire fighter lose live so have',explosion
'triage injure reagan west tx due explosion multiple area fire include school',explosion
'explosion fire rip  fertilizer plant yahoo news singapore',explosion
'first boston bomb then now plant explosion  happen',explosion
'news come out',explosion
'get distract stop lose right browse internet',explosion
'west  explosion perry rim more react',explosion
'mt break multiple casualty fertilizer plant explosion report',explosion
'hacker exploit  explosion news spread',explosion
'prayer go out waco ',explosion
'please keep town west  surround area prayer tonight god involve',explosion
'prayer west',explosion
'tragedy strike',explosion
'so thing know claim link explosion immigrant live there',explosion
'see news west explosion call friend amp go hospital so',explosion
'em firefighter first responder still miss report initial fire fertilizer plant',explosion
'explosion tx register time seismograph amarillo mi blast',explosion
' explosion break news people include first responder kill fertilizer blast west tx mayor say u',explosion
'so far week two year old kill homeless man dare bomb',explosion
'remember fall',explosion
'request u army tx national guard wmd weapon mass destruction support team respond',explosion
'president remember people west  pledge resource',explosion
'send out prayer involve  fertilizer plant explosion',explosion
'holder talk pursue who kill injure hundred behind west tx explosion',explosion
'pray family affect tragedy west ',explosion
'people west  be evacuate over fear fertilizer tank may explode major blast same plant',explosion
'man survive boston marathon bomb return home witness waco fertilizer plant explosion',explosion
'wednesday night blast shake house mile measure event',explosion
'break news explosion injury report fertilizer plant near waco',explosion
'break authority fertilizer plant explode near waco  cause',explosion
'blast flatten home five block radius accord mayor',explosion
'liability insurance require plant like west fertilizer facility',explosion
'god bless people west  clear eye full heart cant lose',explosion
'wonder libertarian zone laws west  edition two school fertilizer plan',explosion
'explosion  fertilizer plant hundred injure',explosion
'now tune explosion near waco multiple building include school hospital burn area un',explosion
'pray may peace god envelope al',explosion
'unfortunate event heart go out affect blast',explosion
'so boston bomb happen now explosion  bite coincidence',explosion
'prayer boston west  cant believe happen',explosion
'law enforcement advise resident leave town',explosion
'hope no one know involve west  explosion',explosion
'world put thing perspective us',explosion
'heart prayer go out family friend west  be think day',explosion
'video explosion west  fuck god',explosion
'so far week two year old kill homeless man dare bomb threat',explosion
'home shatter student return school west  resident have return  town crater',explosion
'fertilizer plant explode believe have injure or kill hundred read',explosion
'report victim treat medical center have be release',explosion
' fertilizer plant evade safety regulation carry m liability insurance',explosion
'here list way can help support affect yesterday explosion west ',explosion
'mayor west  now say there people dead blast last night number rise',explosion
'nurse home bomb',explosion
'explode west  apply retail exemption inspection',explosion
'happen earth',explosion
'mass explosion ',explosion
'here west tx fire department website',explosion
'wow',explosion
'ammonia tank now fire west tx fertilizer plant bad stuff',explosion
'key fact plant explosion west ',explosion
'week boston bomb  explosion year old kill homeless man now gunfire mit boston jesus',explosion
'spread word blair cove apartment off waco room open over night explosion victim pet',explosion
'one spine tingle things have witness life so',explosion
'fire ammonium nitrate explosion firefighter who tell hi employee now',explosion
'view sky explosion crazy',explosion
'report  plant explosion boston bomb medium analysis film war whistleblower',explosion
'explosion rock city unite state time fertilizer plant ',explosion
'pic  explosion more photo',explosion
'feel donate victim boston bomb waco explosion assist wind soldier',explosion
'want help victim impact explosion west tx',explosion
'live coverage tx fertilizer plant explosion come up',explosion
'atf location',explosion
'mind mention compilation tune donate artist raise money',explosion
'mayor  please send u prayer there lot people who wont here tomorrow',explosion
'west tx fertilizer plant have time amount ammonium nitrate require notification report it',explosion
'pray family great state  involve fertilizer plant explosion',explosion
'fertilizer plant explosion over injure amp nurse home collapse',explosion
'ammonia chemical site west  explosion science',explosion
'mass injury report  fertilizer plant blast fire explosion outside waco damage',explosion
'explosion  america country',explosion
'crazy',explosion
'upper branch memorial speech do call workplace safety protection',explosion
'wife one go donate blood',explosion
'no sleep tonight catch camera fertilizer plant explosion near waco',explosion
'pray family west stand',explosion
'explosion  happen',explosion
'so charge use wmd company west tx have limit fertilizer',explosion
'much pain month',explosion
'fuck week boston explosion tonight waco',explosion
'remember think prayer west ',explosion
'people die more time die why do boston get so much more attention',explosion
' senator vote federal aid hurricane then request federal aid explosion',explosion
'week be so drain time get better',explosion
'consider donate tomorrow help affect explosion west spread word',explosion
'use chatter people have no compassion',explosion
' authority advise west  residence leave town follow explosion god',explosion
'have no word terrify so',explosion
'tragedy amp chaos west tonight please pray small community rock explosion a',explosion
'plant aftermath  fertilizer plant explosion plant include',explosion
'go can people stop get hurt please',explosion
'case guy see fertilizer plant explosion small community call',explosion
'learn people injure west tx explosion house',explosion
'terrify week crap catch camera fertilizer plant explosion near waco ',explosion
'explosion occur today waco ',explosion
'can imagine like live there right now or west',explosion
'forget pray',explosion
'pray fellow texan west',explosion
'get live update waco  explosion',explosion
'pray waco  day be still be pray boston massachusetts say',explosion
'  west emergency worker love u pray',explosion
'saw  forest service team i head west',explosion
'damn dude people die  fertilizer plant even imagine shock',explosion
'full amateur footage catch camera fertilizer plant explosion near waco ',explosion
'happen  fertilizer plant blow up sm',explosion
'earthquake middle east boston bomb north korea threat mother suicide explosion  it',explosion
'it be tough heart go out family well still recover',explosion
'emergency set up people need info love one',explosion
'read article make me glad ranger fan',explosion
'prayer west  week',explosion
'think prayer people family west ',explosion
'so west word prayer',explosion
'update  fertilizer plant explosion video footage amp now know',explosion
'catch camera fertilizer plant explosion near waco ',explosion
'photo submit damage inside home near plant',explosion
'help w relief effort be make shower facility tx express location',explosion
're explosion  no zone regulation look like',explosion
' plant explosion nightmare scenario  rick perry call fertilizer',explosion
'co dispatch ask more resource rescue trap people apartment fertilizer plant west',explosion
'okay now get',explosion
'rescuer continue search survivor fertilizer plant explosion west  kill least people',explosion
'up dead  blast people may have die explosion here',explosion
'american want enforcement workplace safety law  explosion',explosion
'blast take place west fertilizer plant mile north waco blast t',explosion
'think prayer community west  tonight',explosion
'explosion waco o hour here',explosion
'report body recover explosion  fertilizer plant search survivor cause continue',explosion
'paramedic vocal  plant explosion face charge',explosion
' explosion chemical tank fire fertilizer plant police urge mile radius evacuate no',explosion
'break  public safety unknown number people kill fertilizer plant explosion',explosion
'video pray west',explosion
'thank god bless boston rest massachusetts waco  let us forget innocent',explosion
'day explosion  fertilizer plant government accountability office issue report find state',explosion
'surround area',explosion
'injury report large explosion fertilizer plant',explosion
'tx explosion city say resident area west tx allow back home start tomorrow',explosion
'west mayor say radius near fertilizer plant be evacuate',explosion
'prayer west  god bless',explosion
'prayer people boston west  tonight',explosion
'explosion damn who right mind start conspiracy fertilizer factory go',explosion
'please keep family think okay lose explosion',explosion
'watch horrify video  fertilizer plant explosion',explosion
'official body recover  blast farm town rock roar explosion',explosion
'blog post west  paramedic arrest relate blast source',explosion
'investigator search clue cause  explosion',explosion
'think prayer so sa',explosion
'think prayer go out west ',explosion
'police find no evidence fertilizer plant explosion',explosion
'video west  salute fall hero report',explosion
'now catch second boston suspect can now focus west tx',explosion
' bomb last night people kill so far',explosion
'interest be do live phone interview abc australia',explosion
'waco  fertilizer plant explosion unit request',explosion
'prayer west ',explosion
'prayer ',explosion
'fbi shut down west  hunt arrest fertilizer plant owner kill up people',explosion
'man explosion waco pray hope injure',explosion
'boston bombing shooting letter bomb germany  explosion earthquake off japan week',explosion
'fire more injury home business destroy',explosion
'hundred believe injure  fertilizer plant blast west  hundred people',explosion
'so far week two year old kill homeless man dare bomb threat it thursday',explosion
'here graphic impact area',explosion
'saw video explosion tx so crazy people injure amp fatality',explosion
'oh good ron paul explain blow up fertilizer destroy  town protect liberty',explosion
'let forget west ',explosion
'see human no humanity',explosion
'hundred believe injure  fertilizer plant blast yahoo news',explosion
'say let pray tomorrow morning front school',explosion
'report dead fertilizer plant explosion west  block area level entire town be evacuate',explosion
'do have family or friend west  near fertilizer plant explosion have check',explosion
'call capture terror  plant explosion',explosion
'why do explosion  take so live cause damage warrant coverage',explosion
'news hospital ceo west explosion patient treat so far no death time',explosion
'have no word terrify',explosion
'way get out particular',explosion
'two tragedy days something right',explosion
'prayer community west ',explosion
'good morning watch think go family west  still boston',explosion
'remember who have lose send think prayer brother amp sister west  join us',explosion
'prayer go out victim family god bless',explosion
' waco bomb blow',explosion
'so far week two year old kill homeless man dare bomb threat it',explosion
'first boston bomb now major  explosion prayer go out victim family waco',explosion
'devastate heart go out people west police people kill  explosion',explosion
'american want enforcement workplace safety law ',explosion
'waco explosion live update fear dead injure blast  fertiliser factory',explosion
'official confirm death blast fertiliser plant  town number',explosion
'break news kill blast  fertilizer plant washington people',explosion
'follow latest',explosion
'memorial blast celebrate waco tragedy get out hand fertilizer factory',explosion
'baseball team mt update  ranger launch criminal investigation west  explosion',explosion
'please join me pray victim explosion  family',explosion
'people west  pull bakery give out free food pharmacy collect clothe',explosion
'go world right now',explosion
'oh god video so frighten',explosion
'please join u pray injure amp effect fertilizer plant explosion waco',explosion
'heart still ache morning one hit lot closer home',explosion
'explosion report  fertilizer plant',explosion
'explosion hit fertilizer plant north waco  dozens hurt',explosion
'it be one hell week',explosion
'public safety trooper dl wilson overflow help',explosion
'pray drive time love people amp heart hurt god',explosion
'week america',explosion
'photo west last night look like lava flow god hope casualty low fertilizer tank stable',explosion
'information family amp love one there emergency set up',explosion
'fire fighter who respond original fire now mayor',explosion
'dozen injure fertiliser plant explosion  town medical director say',explosion
' explosion scene still volatile situation deputy sheriff say follow live update',explosion
'tx explosion rapid evacuation family leave pet behind now roam street',explosion
' no zone regulation look like',explosion
'more people still  fertilizer plant explosion  senator john',explosion
'jesus christ catch camera fertilizer plant explosion near waco ',explosion
'have keep pray victim boston need pray explosion  last night god',explosion
'west fertilizer plant explosion leave community devastate',explosion
'realize explosion spread word',explosion
'video explosion  prayer',explosion
'why donate money boston marathon fund family people die  fertilizer explosion',explosion
'wonder love one west  area be set up call',explosion
'world end now there explosion',explosion
'fertilizer company explosion west tx cause million insure loss',explosion
'watch footage fertilizer plant explosion near waco ',explosion
'break heart god enough know help',explosion
'stuff things go',explosion
'oklahoma city bomb do ton ammonium nitrate west tx fertilizer plant have ton safety',explosion
'explosion  da',explosion
'amen mile south west drive past fertilizer plant time',explosion
'hell happen world',explosion
'explosion  en',explosion
'man pray waco ',explosion
'holy now see damn bad things happen',explosion
'week be so prayer go out heart affect',explosion
'police people kill  explosion rescue worker search rubble thursday survivor',explosion
'keep people west  think prayer',explosion
' explosion devastate town it like whole earth shake witness recount shock',explosion
'forget first responder who lose live city destroy west ',explosion
'look information or assistance west explosion may dial  information referral network',explosion
'hear happen ',explosion
'still image take video capture west  plant explosion fox',explosion
'population west tx it texan hometown tonight',explosion
'prayer',explosion
'catch camera fertilizer plant explosion west ',explosion
'world come shoot bank boston bomb  explosion',explosion
'update official confirm death amp over injure death toll fear grow',explosion
'full video explosion oh go',explosion
'think prayer go out people family ',explosion
'it choose publish cartoon west explosion day mourn',explosion
'please join u prayer city west pray it citizen affect',explosion
'hearts prayer west  last night tragedy please continue keep',explosion
'so know explosion west  wac',explosion
'no word west  fertilizer explosion prayer effect video show explosion',explosion
'remain fertilizer plant photo mike',explosion
'it bless see come support west',explosion
'break news  explosion entire town west  evacuation fume spread em command post',explosion
'photo apartment near explosion ',explosion
'county sheriff do know cause fire',explosion
'understand craziness world right now lord please heal body hearts',explosion
'so fertilizer plant  blow up half tow',explosion
' fertilizer plant explosion capture video',explosion
'please stay safe hear happen waco tx thursday',explosion
'man petrify video west plant explosion see anything like',explosion
'wow video explosion fertilizer plant explosion near waco ',explosion
'body confirm dead explosion west tx',explosion
'wow front page waco tribune explosion',explosion
'heart beat so',explosion
'break news people dead fertilizer plant explosion waco ',explosion
'west  explosion may have be trigger militarize blast eyewitness say it plane',explosion
'today',explosion
'prayer go out west ',explosion
'news casualty  waco fertiliser plant blast',explosion
'state leader investigation west  plant explosion burn orange report',explosion
'people confirm dead west ',explosion
'wow break  official launch criminal investigation fertilizer plant explosion kill',explosion
'people dead  explosion',explosion
'wow video west  explosion',explosion
'al en en  no west',explosion
'heart prayer go out west',explosion
' explosion be show light travel sound well watch video',explosion
'mayor west need prayer',explosion
'lot firefighter battle  fire volunteer firefighter small town west',explosion
'twitter feed assistance amp relief',explosion
' explosion video so',explosion
'ok universe joke over now ricin letter boston bomb fertilizer explosion now',explosion
'wait explosion call terrorism',explosion
'can feel force explosion video out waco  tough watch',explosion
'scar me',explosion
'feel explosion pray involve',explosion
'audio happen explosion waco tx fertilizer plant explode rest home damage much more',explosion
'world live become',explosion
'bombing boston marathon fertilizer plant explosion  now shoot mit go',explosion
'dead hundred hurt  plant explosion',explosion
'hate world',explosion
'blast plant fine lack risk management plan claim no fire danger',explosion
'injury accident cherokee pike east white pike report police',explosion
'rescuer still search survivor  fertilizer plant explosion',explosion
'tape recount scene  town rock plant explosion recover tape reveal',explosion
'video  explosion',explosion
'waco  persona cr grave',explosion
'help update list need cc',explosion
'video fire rage explosion  town dozens hurt amp building flatten',explosion
'video photo last night devastate explosion  fertilizer plant',explosion
'amp',explosion
'holy shit explosion ',explosion
'dear lord today walk west  send spirit convict senate bind break heart boston amp',explosion
'there osha inspector million workplace u',explosion
'homer no one care right now get grip',explosion
'update west  fertilizer plant explode be inspect',explosion
'thing',explosion
'prayer victim family resident west ',explosion
'today prayer go out people west  aftermath last night explosion president',explosion
'update fatality confirm  fertilizer plant explosion more injure',explosion
'there bomb explosion  fertilizer plant',explosion
'scanner traffic report people trap build near waco tx explosion report fertilizer plan',explosion
'use water try put out chemical fire have get kid me',explosion
'break photo build explosion near waco',explosion
'update  fertilizer plant blast law enforcement say body have be recover',explosion
'it thursday second disaster week sicken',explosion
'here web story latest',explosion
'video fertilizer plant explosion near send chill up spine',explosion
'report explosion fertilizer plant',explosion
' bomb there explosion',explosion
'dear lord today walk west  send spirit convict senate bind break hearts boston amp protect th',explosion
'explosion  fertilizer plant kill two injure dozens',explosion
'it see thing happen',explosion
'rip people who die fertilizer plant ',explosion
'west  explosion',explosion
'line give blood so cool watch people come time tragedy',explosion
'great job cover west tx explosion sport journalist call news action check his',explosion
'video see girl voice',explosion
'want know forget say victim explosion west tx',explosion
'report firefighter miss follow blast west  fertilizer plant police say li',explosion
'gallery furniture off take donation victim west  explosion will lend help',explosion
'discretion advise video chill waco explosion',explosion
'west  explosion cause damage tragedy week clear figure vengeance get least',explosion
'injure  fertilizer plant explosion gui',explosion
'add worry disaster ammonia can',explosion
'up explosion',explosion
'explosion  fertilizer plant cause havoc person look emergency worker fight',explosion
'kill  plant',explosion
'offer house victim explosion tweet dm or email info ill compile list',explosion
'la mara de waco  video',explosion
'now  explosion heart go out',explosion
'le waco think okay think least mile explosion',explosion
'witness amp survivor fertilizer plant blast special coverage watch live',explosion
'explosion few hours town west near waco hundred injure least dead',explosion
' explosion fertiliser plant live casualty fear town west near waco i',explosion
'explosion  world come',explosion
'security fertilizer plant hint gap  testimony',explosion
'injury build damage fertilizer plant explosion dallas news',explosion
'go make statement suffer people west  go visit',explosion
'join me pray waco resident affect explosion last night may hearts comfort time',explosion
'lamia know  explosion wonder deactivate acc',explosion
'explosion hit fertilizer plant north waco ',explosion
'hundred fear hurt  plant blast explosion near waco damage or destroy building inc',explosion
'who injure who out there help save live family who lose love one today',explosion
'oh goodness video explosion west tx confirm dead why',explosion
'let see can get athlete unite pray',explosion
'dead explosion  fertilizer plant major explosion be report fertilizer plant near',explosion
'wow video father son',explosion
'think fellow texan city west tonight recover tonight explosion',explosion
'break people confirm dead firefighter police officer hundred more injure w  explosion',explosion
'investigator  plant explosion death toll raise death toll fertilizer plant',explosion
'be rough week country remember no matter bad seem continue trust lord',explosion
'get think while',explosion
'former west medic deny involvement  blast',explosion
'schedule visit devastate community west  fund raise amp plan parenthood more',explosion
'read explosion  think stay safe',explosion
'live video coverage dallas',explosion
'prayer tonight west tx wake explosion there week so far',explosion
'need more coverage mt  factory explosion work safety cut',explosion
'peril citizen journalism reveal shock video waco explosion',explosion
'update explosion west plant injure firefighter',explosion
'prayer city west recover tonight fertilizer plant explosion',explosion
'do have love one west  near fertilizer plant fire send me personal message twitter or email me',explosion
'heart break west ',explosion
'more authorities injure plant explosion near waco  be take hospital trooper',explosion
'remember there recovery west  there lot hurt family there tonight',explosion
'be bad week u first boston marathon bomb then explosion  now get tornado',explosion
'saw video start cry middle class',explosion
'damn break report five firefighter one police officer dead due explosion fertilizer plant',explosion
'build destroy',explosion
'ghoul stop mt prof blame explosion lack union amp bad',explosion
'hello',explosion
'official say still search rescue mode fear dead hundred hurt',explosion
'finish boston marathon second bomb set off miss waco explosion',explosion
'so bad thing happen week',explosion
'people confirm kill west fertilizer plant explosion official fear dozens may have die',explosion
'rick perry want federal help explosion republican vote no aid one  republican',explosion
'prayer  now so',explosion
'see waco even imagine place comparison wen',explosion
'people die explosion oh god',explosion
'crazy watch record footage',explosion
'holy explosion',explosion
'there report loot west  follow fertilizer plant explosion waco police say broadcast',explosion
'rip people west  die fertilization',explosion
'put cowgirl hat go visit west  devastation nobody seem care',explosion
'sound like cop try start fire boat',explosion
'catch camera fertilizer plant explosion near waco  have ki',explosion
'student head back school week plant explosion level town',explosion
' plant explosion day explosion rip heart central ',explosion
'get sleep make me sick stomach',explosion
'correction explosion occur mile north',explosion
'explosion rip  fertilizer plant explosion rip fertilizer plant wednesday night west',explosion
'de au',explosion
'fertilizer plant west  go up flame have be inspect regulator year',explosion
'mass casualty injury fatality confirm',explosion
'explosion fertilizer plant near waco',explosion
'work stockyard cafe win auction barn',explosion
'concern folk impact explosion yesterday ',explosion
'hear explosion spread pray lord heal keep safe',explosion
'same pull help people',explosion
'cant believe happen prayer go out affect explosion god',explosion
'break west em director tell or people dead hundred injure fertilizer plant explosion',explosion
'damn explosion  fertilizer plan',explosion
'go high school  send love west ',explosion
'explosion now  hell wrong people nowadays',explosion
'follower near or waco  okay hurt',explosion
'least people dead explosion fertilizer plant ',explosion
'rough week',explosion
'effect ammonia fume first responder local environment',explosion
'red cross work local emergency management identify shelter location',explosion
'world come',explosion
'body recover  blast twelve body have be recover west  jason',explosion
'explosion hit  fertiliser plant hundred injure explosion fertiliser',explosion
'first min scanner traffic west tx explosion scanner audio',explosion
'hearts prayer go out  town west be favorite stop first road trip',explosion
'explosion  happen mile waco siege',explosion
'live today cause tomorrow promise',explosion
'west  explosion perry rime more react',explosion
'first boston now  prayer think guy stay',explosion
'week be crazy marathon bomb poison factory explosion officer kill',explosion
'donate lot clothe shoe now little thing help',explosion
'rip victim fertilizer plant explosion ',explosion
'blessing folk west ',explosion
'discuss boston bomb  explosion tonight start right now',explosion
'resident  town open up it talk dead resident west want us',explosion
'information nigeria fear dead explosion hit  fertiliser plant',explosion
' explosion half town level fertilizer explode one plant least dead',explosion
'prayer  explosion',explosion
'think people waco  news hear',explosion
'develop scanner chemical tank now fire fertilizer explosion fire dispatch advise crew',explosion
'like fuck call duty real shit',explosion
'regulation kill work plant west ',explosion
'injure fertilizer plant be treat crime scene',explosion
'president make remark explosion west  want know',explosion
'break news people report dead power plant explosion waco ',explosion
'dane schiller tough choice face west brave volunteer firefighter',explosion
'pray people affect west ',explosion
'man who finish boston marathon second bomb witness  explosion day c',explosion
'id encourage read whole article hope help',explosion
'give up screw up world',explosion
'explosion waco  things get real',explosion
'think prayer people west ',explosion
'explosion  th',explosion
'see community  devastate explosion amp want know',explosion
'break report five firefighter one police officer dead due explosion fertilizer plant west tx',explosion
'explosion west tx have happen strengthen so',explosion
'pray tx friend west min n hometown waco fight survive recover explosion fertilizer plan',explosion
'holy shit video scare shit out me holy fuck watch',explosion
'tv quick overview know right now  explosion',explosion
'happen world',explosion
'so there allege terrorist explosion damn hit',explosion
'police firefighter still miss  fertilizer plant blast',explosion
'explosion catch tape man his daughter so',explosion
'waco bad place first massacre now',explosion
'west fertilizer plant door two school thank god happen day',explosion
'think prayer west ',explosion
'confirm dead injure fertiliser plant explosion  say state official',explosion
'accidental explosion use work fertilizer plant ammonium nitrate volatile',explosion
'spend time fundraise  no time west  disaster',explosion
'like bomb fertilizer plant blast devastate  town',explosion
'forget go today support go red cross relief fund so eat up',explosion
'photo  plant explosion kill least',explosion
'worst news hear right go be fertilizer plant explode',explosion
' town level fertilizer plant explosion fatality fear',explosion
'de camera fertilizer plant explosion near waco',explosion
'cry so heart drop please',explosion
'understand craziness world right now lord please heal body heart',explosion
'explosion  so scar',explosion
'man his kid record fertilizer fire distance then explode explosion startle',explosion
'prayer go out victim boston bomb west  explosion amp chicago shoot',explosion
'crazy happen ',explosion
'happen',explosion
'catch camera fertilizer plant explosion near waco  video',explosion
'bomb boston explosion  sinkhole chicago end near sm',explosion
' explosion local hospital notify ambulance dispatch report casualty',explosion
'prayer go out affect explosion ',explosion
'hate hear tragedy news something good go happen',explosion
'equestrian team waco near fertilizer plant explode team fine have night',explosion
'least people dead explosion fertilizer plant  holy shit fir',explosion
'west go have way more causality boston',explosion
'please please please forget west  watch',explosion
'fertilizer plant explosion west  or there room tragedy time news',explosion
'saw video explosion',explosion
'prayer people  morning',explosion
'west mayor say house nurse home have be evacuate follow fertilizer explosion',explosion
'west  look like drive red dead redemption',explosion
'shoot right now aftermath  fertilizer plant north waco',explosion
'row boston marathon  factory explosion now watertown problem go',explosion
'sen boxer hold hear west  chemical explosion',explosion
'mill confirm brother morris bridge firefighter west die',explosion
'live video situation west ',explosion
'people dead fertilizer plant explosion near waco tx well have latest west tx',explosion
'west  explosion register earthquake',explosion
'hear pal waco still air there video explosion scar hell out me prayer',explosion
'think amp prayer go out west ',explosion
'waco  explosion jesus come sooner think',explosion
'see video explosion ',explosion
'touch cheer boston pd em now good time remember first responder volunteer who die west ',explosion
'sixty remain miss west ',explosion
'partner create map west tx explosion triage location',explosion
'news minute photo release second suspect no death toll  plant explosion',explosion
'explosion happen world',explosion
'official say please group collect money west  relief fake charity',explosion
'explosion injury report fertilizer plant near',explosion
'wow now explosion ',explosion
'know kind fertilizer make waco plant',explosion
'have tell roommate week boston marathon waco explosion chicago sinkhole now',explosion
'pope tweet prayer  explosion victim',explosion
'watch explosion think sympathy west',explosion
'west  prayer be tough week keep',explosion
'west  news conference start',explosion
'watch record footage',explosion
'bulldozer begin demolish structure damage west explosion',explosion
'please blair cove apartment off waco room open over night explosion victim',explosion
'first resident allow return damage home west ',explosion
'it pack here tons people give blood want help',explosion
'wow wake up come tt see o go fuck world',explosion
'fatality confirm west  plant explosion over injury',explosion
'wow video  fertilizer plant explosion horrify',explosion
'aid community resident west tx heart  builder  builder foundation',explosion
'while remain transfix manhunt remember tx searcher find body  explosion',explosion
'north korea boston marathon attack poison letter waco plant explosion arm gunman white house it',explosion
'watch whole video',explosion
'cant believe there be explosion ',explosion
'heart go out fellow texan think prayer',explosion
'nurse home west  make out fertilizer explosion great news',explosion
'confirm  explosion register magnitude event',explosion
'fuck hell now world go wild',explosion
'pray west',explosion
'report dead so far result fertilizer factory explosion over injury',explosion
'west  fertilizer plant explode destroy build mil',explosion
'have power stop event',explosion
' fertilizer plant explosion death toll raise effort complete',explosion
'dead injure be report town near',explosion
'explosion  fertilizer plant may have injure more detail video live tv',explosion
'holy shit explosion waco tx come cant make explosion',explosion
'damn know happen live life enjoy it',explosion
'atf confirm crater plant explosion foot ten foot deep wow',explosion
'least two people have die explosion  fertilizer plant detail live tv now',explosion
'explosion  go',explosion
'west tx explosion update send vehicle ambulance bus west respond',explosion
'so over news see skate board squirrel',explosion
'no indication visit devastate west ',explosion
'think prayer go out who involve fertilizer plant explosion west tx',explosion
'fertilizer plant there ',explosion
'have back off location fire tank explosion close work way location',explosion
'fertilizer plant explode  least injure condition',explosion
'oh god so',explosion
'fertilizer plant explosion near waco catch camera',explosion
'prayer victim tx fertilizer plant disaster make internet trip',explosion
