'train derailment leave dead dozen injure',derailment
'city room  today derailment affect commute',derailment
'driver  train derailment tell investigator lose focus crash',derailment
'latest train derailment dead injure full story',derailment
'engineer drive mph mph zone derailment',derailment
'train derailment air query technology',derailment
'sunday derailment train mark second incident eight month',derailment
'love today tech father four victim train crash today lose member family weekend',derailment
'news least dead injure train derailment  ',derailment
'update commuter train derail be near dead injure search',derailment
'train derailment travel update recommend use harlem haven line read more',derailment
' train crash four dead dozens injure derailment',derailment
'mt metro north train derailment grand central photo',derailment
'emergency vehicle respond  city train derailment train submerge water eyewitness',derailment
'derailment rockefeller engineer suspend',derailment
'derailment horror four dead injure five car jump track ',derailment
'derailment commuter train  kill injure dozen  time',derailment
'train speed mph curve crash',derailment
'train derailment kill hurt more   city commuter train',derailment
'update least dead injure metro north train derailment morning',derailment
' city train derailment investigation focus datum recorder speed eye possible',derailment
'update say fatality metro north derailment happen victim throw train',derailment
'think prayer family victim train derailment so',derailment
'prayer people  affect train derailment',derailment
'driver  train crash lose focus source',derailment
'injury train derailment spokesman say more',derailment
' derailment say multiple injury firefighter scene photo',derailment
'read ban salt sugar amp styrofoam cup he train derailment require real leadership',derailment
'train derailment ny',derailment
'official investigate train derailment kill least report',derailment
'think train crash speed investigator analyze data sunday  ny m',derailment
'senator press require camera train crash k',derailment
'enjoy sunday roast have lovely prayer go out hurt or kill train derailment ',derailment
'investigator recover black box train',derailment
'derailment leave dead dozen injure derailment leave',derailment
'derail ny train go mph approach mph curve',derailment
'speed do it say derail train go mph head mph curve',derailment
'engineer derailment nod union official say catch',derailment
'driver  train crash zone out union driver  commuter',derailment
' train crash probe begin us authorities begin investigation cause sunday y',derailment
'crash kill ny driver kill cyclist period wed',derailment
'wreckage rescue picture train crash  ',derailment
'say clear  train derailment due human error or equipment malfunction video',derailment
'four dead more injure train derailment  area ',derailment
'widow derailment victim give me life',derailment
'funeral hold more derailment victim abc news funeral hold more derailment',derailment
'rockefeller engineer drive  train crash may have nod off',derailment
'patient be transport stretcher train derailment  credit',derailment
'train travel more mph time crash fox news wa',derailment
'order modify signal system follow crash wall street journal wall street journal meet',derailment
'train crash prompt feed order extra operator fox news boston train crash',derailment
'come hear people complain delay derailment better min life',derailment
'think prayer go out train derailment',derailment
'train derailment air query technology ny revelation',derailment
'expert discuss train derailment danger sleep deprivation job',derailment
'break four die commuter train derail  city',derailment
' train derailment highlight evolve rail safety science train expert robert',derailment
'empire service disrupt albany due  train derailment',derailment
'multiple injury  city train derailment',derailment
'rockefeller engineer fell train derailment report vi',derailment
'update commuter train derailment dead injure',derailment
'train derailment   look like carriage river video',derailment
'develop fatality report commuter train derailment',derailment
'ny train crash driver in daze driver  commuter train derail kill four report',derailment
'train derailment kill hurt   city commuter train round riverside',derailment
'update four dead two eject train derailment injure',derailment
'four dead injure  passenger train derailment brief fire department ',derailment
'driver  train crash zone out union',derailment
'governor dead hurt train derailment ny people dead injure train derailment t',derailment
'rip paul walker rip death metro north',derailment
'do physics make derailment',derailment
'train derailment  city train derail train water dead multiple injure',derailment
' train crash have be prevent say',derailment
'train derailment kill hurt more',derailment
'least four people kill injure train derail ',derailment
'video  train crash kill four',derailment
'lawyer engineer daze train crash ny engineer speed',derailment
'least people have die train derailment   city police source tell',derailment
'wow break train derail travel mph approach mph zone',derailment
'think prayer go out one have be kill or harm train derailment',derailment
'more woman scene train derailment say train car water',derailment
'governor dead hurt train derailment ct post',derailment
'dead hurt train derailment  accord ny',derailment
'prosecutor face tough choice derailment',derailment
'derail  train travel area mph speed limit time derail  t',derailment
' train derailment safety official recover black box time',derailment
'train na police say passenger train derail  city car water',derailment
'holy shit picture metro north train derailment',derailment
'sr official tell news toll now dead injure passenger train derailment',derailment
' train crash technician nurse victim job have j',derailment
'post train engineer sleep crash',derailment
' train crash authorities begin investigation passenger face delay national transportation',derailment
'lawyer engineer daze train crash engineer speed commuter train run',derailment
'wake up news train derailment pray affect',derailment
' train derailment kill four injure',derailment
'train derailment affect travel',derailment
'more say train travel mph mph zone derail kill passenger',derailment
'mayor t say be defend absence crash site',derailment
'today audio technician way set up rock tree light dead train derailment',derailment
'think train crash speed investigator analyze data fr',derailment
' train derailment kill least injure dozens',derailment
' train crash leave four dead injure irish time',derailment
'call camera wake derailment',derailment
'so rip who die metro north crash',derailment
'hear paul walker die car crash metro north train derail',derailment
'investigate derailment kill injure more ',derailment
' city train derailment air query technology  unite state',derailment
'lawyer train operator daze crash',derailment
'live news conference derailment here',derailment
'family center establish train derailment',derailment
'photo engineer rockefeller wheel stretcher train operate derail',derailment
'train derailment kill more injure',derailment
'least dead injure train derailment',derailment
'people seek information family member involve  train derailment contact metro north',derailment
'investigator examine wreckage  train crash passenger train crash  ea',derailment
'prayer go out effect train derailment ',derailment
'derailment confirm operator injure',derailment
'photo derail commuter train carriage  city user photo derail commuter t',derailment
'least dead dozen injure train derailment',derailment
'crash latest spate accident',derailment
'keep say call people miss train derailment outside have ca',derailment
'train involve derailment be train  due grand central be',derailment
'least four people confirm dead injure train crash  fire department say',derailment
'call level mobilization possible train derailment near metro north station',derailment
'can train engineer hold sunday derailment',derailment
'derailment  affect haven line hudson line service suspend',derailment
' train travel speed limit derailment break news investigator s',derailment
'base train data no indication brake function derailment sunday',derailment
'feed issue emergency order staff amp modify speed limit n',derailment
'break news major train derailment dead injure',derailment
'update metro north train engineer try piece event derailment',derailment
'update report train derailment dead union official train operator year job',derailment
'story er injure metro north derailment',derailment
'rip kill  train crash',derailment
'train derailment  city fbi scene coast scene firefighter scene injure',derailment
'prayer affect derailment',derailment
'engineer admit zone out train crash',derailment
'news break confirm four people kill injure',derailment
'witness describe aftermath train derailment leave dead injure ',derailment
'break news confirm four people kill injure',derailment
'ny train crash driver lose focus driver  commuter train derail sunday k',derailment
'now train derail happen world',derailment
'think amp prayer go out people who affect  train derailment ',derailment
' train crash driver zone out say rail union guardian',derailment
'train crash prompt feed require more conductor',derailment
'investigator search cause train derailment',derailment
'admit out crash',derailment
'video  train crash kill four least four people have be kill more have be',derailment
'investigator train speed crash ',derailment
'engineer in daze crash engineer train derail  tell official',derailment
'train derailment train',derailment
'engineer derail  commuter train suspend engineer commuter train',derailment
'there metro north derailment have be more sleep',derailment
'people die train call camera hundred die car senator press require camera train',derailment
'investigate train derailment',derailment
'derailment latest mishap year trouble',derailment
'multiple injury train derailment',derailment
'latest passenger train derailment',derailment
'probe seek cause train crash kill',derailment
' city train derailment witness quote say carriage water picture',derailment
'today write crash black monday amazon drone jade rabbit',derailment
'heart go out who derail train  morning',derailment
'latest passenger train derail  multiple injury report photo',derailment
'train derailment kill hurt more  city commuter train round riverside curve',derailment
'hold train derailment ',derailment
'crash second major derailment one year',derailment
'photo train derailment photo credit ray martin',derailment
'possible jail time conductor break train derail travel mph approach mph zone',derailment
'feed issue rule follow derailment',derailment
'update photo train derailment take witness show car derail none water',derailment
' train travel curve derailment investigator say it tell i',derailment
'student affect train derailment today so email u',derailment
'discuss effort deal metro north derailment',derailment
'info family member involve metro north crash call',derailment
'think affect train derailment ',derailment
'metro north derailment video',derailment
'probe seek cause train crash  official say locomotive',derailment
'train derailment air query technology general headline',derailment
'rockefeller engineer fell train derailment report',derailment
' say people dead injure  train derailment',derailment
' mayor golf bermuda derailment',derailment
'hell break train derail travel mph approach mph zone',derailment
'police say passenger train derail ',derailment
'associate press union official engineer catch nod control train derailment',derailment
'do physics make derailment report',derailment
'train derailment latest woe',derailment
' metro derailment train travel mph enter mph curve investigator say',derailment
'official multiple death train derailment',derailment
'train crash  helicopter crash glasgow paul walker week',derailment
'now official discuss train crash  live',derailment
'helicopter crash glasgow train crash  car crash la think lot family christmas',derailment
'break order modify signal system wake  crash',derailment
'least dead train derailment recap',derailment
'derail  train have alert mechanism engineer car source report',derailment
'rip people who die metro north crash morning wow',derailment
'so back visit suppose take metro train derail morning have time crazy',derailment
'city hall park de say hi heart go out metro north crash victim note take train time visit his mo',derailment
'lawyer engineer daze train crash lawyer engineer daze train crash',derailment
'lawyer engineer daze train crash engineer speed commuter train run off rail',derailment
' city mayor defend play golf bermuda weekend train derailment',derailment
'railroad slap emergency order  crash',derailment
'video  time minute speed call possible cause train crash revolution uk',derailment
' andrew say speed factor train derailment',derailment
' train crash kill four four people have be kill injure passenger train crash',derailment
'hold second medium brief derailment pm today hampton inn ny',derailment
'four dead train derailment ',derailment
' fire department multiple injury passenger train derailment severity',derailment
'latest derailment leave four dead injure think family ride train day',derailment
'police passenger train derail  city car',derailment
' train crash probe begin us authority begin investigation cause sunday y',derailment
'driver  train crash zone out union washington ',derailment
'board member earl conduct morning interview site train derailment  ny',derailment
'final funeral train derailment victim news brooklyn final funeral train derailment',derailment
'man hail hero help passenger derailment',derailment
'source say ny train crash engineer tell cop may have zone out',derailment
'investigator examine wreckage  train crash',derailment
'black box datum recorder recover eye derailment ',derailment
' derailment kill train derail  sunday morning kill four',derailment
'official speed factor walker crash death associate press train derail sunday a',derailment
'restore service albany derailment delay expect',derailment
'send love amp heal vibes affect today train derailment ',derailment
'pray lose today train crash blessing who make safe',derailment
'detail  train go mph mph zone crash say',derailment
'train derail travel mph approach abc news train',derailment
'let u pray kill injure metro north train derailment morning ',derailment
'ny investigator look derailment no problem find brake system signal so far',derailment
'break spokeswoman say train derailment cause multiple fatality dozen injury',derailment
'wow develop fatality report commuter train derailment',derailment
'train derailment due human error issue or failure more install equipment',derailment
'unknown number injury  city train derailment near station ',derailment
'train derailment kill hurt more train derailment kill hurt more',derailment
'break service resume tomorrow percent hudson line',derailment
'survivor derailment say think have nightmare train veer off',derailment
'technology may have prevent  train crash',derailment
'develop passenger train derail  carriage water fuck',derailment
' train derailment kill least injure dozens least people kill injure',derailment
'automate train have prevent derailment train derail sunday',derailment
'morning sweet  train crash god bless who pass ok',derailment
'update train service empire line suspend albany derailment',derailment
'man kill train derail travel rockefeller center christmas tree k',derailment
' metro north train derailment photo major train derailment dead injure',derailment
'train crash union official say train engineer nod off',derailment
'photo scene train derailment have die injure',derailment
' train crash kill four least four people kill dozen injure passenger train derail  city prom',derailment
'governor dead hurt train derailment passenger train derail curve section',derailment
'sen sunday train crash speed up deployment positive train',derailment
'train derail  hope ok',derailment
' city commuter warn delay follow derailment',derailment
'travel nightmare result derailment',derailment
'live picture derailment  watch',derailment
'update train travel mph curve derailment',derailment
'video  train crash kill four least four people have be kill more have b',derailment
'engineer sleep train derailment source say',derailment
'one worst fear train derailment',derailment
'photo  city train derailment kill injure dozens',derailment
' train crash inquiry focus engineer action',derailment
'crash reminder human factor blame speed sunday morning derailment',derailment
'break train  crash go mph mph zone say',derailment
'probe seek cause train crash kill probe seek cause train crash kill',derailment
'rob one four people who kill sunday derailment county',derailment
'unknown number injury  city train derailment near station',derailment
'photo train derailment kill least passenger injure dozen',derailment
'producer scene least kill injure  train derailment',derailment
' train crash probe begin us authorities begin investigation cause sunday',derailment
'pray people who die amp injure train crash derailment lord love go out',derailment
'send ny investigate metro north train derailment',derailment
'hear metro north derailment start no justification worry hope worry',derailment
'get damn break train  crash go mph mph zone say',derailment
'derailment latest',derailment
'break news  multiple injury report metro derailment',derailment
'break train derail travel mph approach mph zone',derailment
' derailment kill wall street journal wall street  derailment kill street j',derailment
'derailment train must have be go fast car far off track',derailment
'much go morning metro north derailment',derailment
'dead train derailment  fire department official say dozen more passenger',derailment
' train crash probe begin us authority begin investigation cause sunday',derailment
'mayor wont say be defend absence crash site',derailment
'identify people kill train crash  police confirm',derailment
'four die commuter train derail  city',derailment
'rip people involve helicopter crash glasgow train crash  paul walker',derailment
' city commuter warn delay follow derailment wall street ',derailment
'metro north railroad train crash positive train control have help gao have recent report',derailment
'kill injure train derailment accident ',derailment
'least kill train derailment',derailment
'least people kill injure  commuter train derailment fire department say',derailment
' city commuter warn delay follow derailment commuter  city',derailment
'source engineer lose focus moment derailment',derailment
'break ny say people dead injure train derailment ',derailment
'post train derailment survivor i think go it be do',derailment
'work determine why train derail while round curve kill four injure more',derailment
'pray affect subway train derailment brother have be',derailment
'order put extra crew train signal upgrade follow derailment',derailment
'train derailment air query technology ny revelation  city c',derailment
'train derailment kill hurt more washington post washington train derailment kill',derailment
'probe seek cause train crash probe seek cause train crash',derailment
'dead hurt train derailment',derailment
' derailment kill wall street journal abc  derailment kill street y',derailment
'four dead dozens injure train derailment fox',derailment
' train crash kill four',derailment
'offer prayer victim  city train derailment',derailment
'news update driver  train crash zone out union',derailment
'multiple injury train',derailment
'feel re metro north derailment ride same line sept safety record past year great service',derailment
'least people dead dozens hurt  city train derailment say u medium',derailment
'crash engineer derail  train who claim try hit break crash',derailment
'probe seek cause train crash',derailment
'complete photo gallery today major train derailment  city',derailment
'photo metro north train derailment',derailment
'stick train safety deadline  city crash',derailment
'break news train crash travel mph go mph zone',derailment
'multiple injury train derailment fire department multiple injury passenger train',derailment
'correction train derailment story',derailment
'crane right car derail train',derailment
'picture train derailment',derailment
'multiple injury passenger train derailment severity fire department confirm',derailment
'break least dead injure train derailment',derailment
'fire department  say there multiple injury passenger train',derailment
' train crash technician nurse victim',derailment
'police say passenger train derail  city car water',derailment
'source least people injure train derail sunday morning  ',derailment
'train derailment leave dead dozens injure',derailment
'picture derailment train it think',derailment
'news dot dot live stream train derailment coverage',derailment
'sunday derailment first history get latest update',derailment
'ny train crash engineer a daze situation lawyer say engineer train de',derailment
'metro north it metro north second derailment year',derailment
' train crash probe begin us authorities begin investigation i',derailment
'photo first responder gather derailment metro north passenger train ',derailment
' train crash photo derailment ',derailment
'more ny say people dead injure train derailment  m',derailment
'video  time minute  train crash investigation  magazine go biweekly self',derailment
'governor dead hurt train derailment',derailment
'hell go weekend four dead injure  passenger train derailment',derailment
'damn pray involve train derailment  car crash',derailment
'engineer doze train derailment source say',derailment
'do physic make derailment',derailment
'investigate train derailment investigator look possible criminal charge engineer',derailment
'update  train crash lose focus source abc',derailment
'union official engineer nod derailment',derailment
'much stuff happen right now passenger train derail  hope affect ok',derailment
'death past week glasgow crash scot monument death  derailment paul walker crash rip',derailment
'driver  train crash drink drug us say',derailment
' city commuter face delay rail derailment see topic',derailment
'andrew announce probe  train derailment',derailment
'engineer daydream crash  daily news  daily engineer d',derailment
'pic see link train derailment protest',derailment
'crash fifth derailment year',derailment
'break passenger train derail  city',derailment
'train driver say experience highway hypnosis prior last week  derailment it',derailment
'derailment leave dead dozens injure derailment leave',derailment
'train derailment raise question technology',derailment
' train crash inquiry focus engineer action time abc  train crash i',derailment
'derail train go mph curve official  daily news  daily n',derailment
'multiple death train derailment',derailment
're metro north hs terrace view be establish family family member seek',derailment
'train speed derailment investigator say',derailment
'train derailment  city leave four dead dozens injure investigate',derailment
'least four dead commuter train derailment  train derail sunday kill',derailment
'video engineer fell train wreck',derailment
'city room  today derailment affect commute option take',derailment
'derailment  dead injure injure',derailment
'official confirm major train derailment  ny metro north train multiple injury report stay update',derailment
'derailment feed order change ny railway  us transportation official order t',derailment
'photo carriage  city train derailment user',derailment
'ny union official engineer catch nod control train derailment',derailment
'police say passenger train derail car',derailment
'train travel more mph time crash fox news',derailment
'engineer crash call kind people who know rockefeller who',derailment
'break addition four fatality people injure train derailment spokesperson tell',derailment
'old hood photo video show aftermath train derailment',derailment
'train crash probe turn black box clue cause  investigator analyze',derailment
' train derailment leave dead hurt',derailment
'news data recorder found derail ny train  member t',derailment
'federal official order change rail service derailment sunday',derailment
'break spokeswoman say train derailment cause multiple fatality dozens injury',derailment
'go ro sleep heavy heart wake up same way add news train derailment',derailment
'think train crash speed',derailment
'train derail travel mph approach mph zone',derailment
'photo engineer minute crash  daily news',derailment
'heavy heart be condolence family amp love one train derailment amp',derailment
'pray catch metro north derailment  morning',derailment
'engineer describe moment derailment seem',derailment
'here train derailment affect morning commute',derailment
'it first train derailment metro north history men amp woman kill officer injure',derailment
'break police say passenger train derail  city car water',derailment
' derailment kill hurt dozen international',derailment
'photo train derailment',derailment
'post derail  train travel area mph speed limit time',derailment
'in train derail travel mph approach mph zone',derailment
'dead train derailment  holy shit use take train',derailment
'metro north derailment report car water',derailment
'train derailment kill hurt more news sioux city ia ',derailment
'think involve  metro derailment much tragedy weekend',derailment
' train derailment kill four injure  ',derailment
'photo metro north derailment show deal close water emergency be',derailment
'watch train derailment kill injure over',derailment
'now so hear metro north derailment morning',derailment
'aerial view december metro north train derailment  ny',derailment
'train derail kill injure let keep mourn death know',derailment
'engineer crash call kind',derailment
'watch today  now latest derailment',derailment
'no please return derailment coverage',derailment
'ny train crash engineer nod off engineer who involve sunday  train derailment nod off',derailment
'latest train derailment dead injure',derailment
'train derailment air query technology train derailment air query technology',derailment
'initial alcohol breath test come back negative train engineer crash',derailment
'passenger train derail police witness say passenger train derail',derailment
'call talk metro north train',derailment
'state train derailment latest woe',derailment
' train derail curve say investigator accident kill amp injure more',derailment
'train engineer daze crash lawyer say  time',derailment
'photo passenger train derailment hudson river crazy',derailment
' train derail go mph mph curve time wall street',derailment
'driver  train crash in daze source driver',derailment
'source metro north driver fall highway hypnosis crash',derailment
'upright train search possible victim derailment fox news',derailment
'multiple injury train derailment alternate route provide',derailment
'engineer fall moment train derailment report',derailment
'be common expert conductor helm sunday crash',derailment
'news picture train derailment',derailment
'mayor respond derailment golf bermuda',derailment
'crash victim include love dad sister jam lovell son describe hi dad death',derailment
'update official confirm dead injure metro north derailment',derailment
'four dead injure  city worst train crash years',derailment
'break union official engineer catch nod control train derailment',derailment
'metro north train derailment  grand central photo',derailment
'news  train crash derailment ',derailment
'train derailment kill hurt more   city commuter train round ri',derailment
'analysis two factor key lawsuit over  train crash',derailment
'probe seek cause train crash  official say locomotive co',derailment
'crane right car derail train  federal authority begin right t',derailment
'take back find mean run albany due train derailment',derailment
'stun physic derailment',derailment
'more photo metro north train derailment',derailment
'train derail  train derail sunday morning station ',derailment
'three victim identify train derailment',derailment
'probe seek cause train crash kill kiley press ',derailment
'official multiple death train',derailment
' train derailment occur near station hudson river fire say',derailment
'prayer go out injure kill metro north derailment god bless family',derailment
'post train engineer fell moment crash ',derailment
'latest news dead train derailment  fire department official say dozen more',derailment
' city train crash four victim name sky news',derailment
'four dead injure  train derailment fire',derailment
'oust railroad worker union further participate crash probe',derailment
'wreckage rescue picture train crash',derailment
'report site today  train crash four dead people injure so far',derailment
'do physics make derailment report commuter train derail earl',derailment
'train derailment latest string problem year',derailment
'derail train wreckage add long commute usa today',derailment
'metro north black box data recorder recover eye derailment mi',derailment
'andrew announce probe  train derailment governor count out curve track d',derailment
'pray individual family involve metro north train crash morning min grand centrum',derailment
'commuter train derailment kill usa today',derailment
' spokeswoman say train derailment cause multiple fatality dozen',derailment
'here update yesterday devastate train derailment courtesy',derailment
'news official confirm dead injure derailment ',derailment
'news conference train derailment watch live',derailment
' commuter train derail  morning kill least four injure',derailment
'least people dead dozens hurt  city train derailment say us medium',derailment
'photo metro north train derailment good pic god reveal wrath now let add sign amp verse',derailment
'update confirm least dead injure derailment',derailment
'track repair window overlook site sunday train',derailment
'crash commuter reflect daily routine',derailment
'confirm there fatality metro north derailment news outlet report death',derailment
'pray metro north derailment ok',derailment
'work today train derailment think amp prayer',derailment
'pic train derailment ',derailment
'send ny investigate metro north train derailment more information come',derailment
'hear metro derail train think prayer go out family',derailment
' derailment kill hurt dozens international  derailment kill hurt in',derailment
'train crash source say engineer zone out crash news',derailment
'federal agency order change derailment emergency order federal',derailment
'go helicopter crash then paul walker die car crash then train crash ',derailment
'order modify signal system derailment wall street journal republic',derailment
'feed train safety days train derailment  top federal',derailment
'prayer who involve metro north derailment',derailment
'official dead injure train derailment',derailment
'say plan resume service hudson line tomorrow three days derailment ',derailment
'identify people kill train crash identify people kill train crash',derailment
'go team investigate train derailment fox news go team investigate',derailment
'derail train go mph curve official  daily news',derailment
'develop least dead train crash ',derailment
'train derailment  city firefighter scene train derail injure dead photo',derailment
'union official engineer catch nod control  city train derailment',derailment
' train crash probe cause begin',derailment
'video report four kill train derailment',derailment
'train derailment latest woe seattle post abc train derailment',derailment
' train crash probe begin u authority begin investigation cause sunday  crash four',derailment
'four dead over injure  train derailment us',derailment
'watch live press conference derail  passenger train',derailment
'driver derail  commuter train test negative alcohol drug drug alcohol test',derailment
'damn prayer go out people who injure people who die train derailment',derailment
'least four dead injure  train derailment  dec four people kill',derailment
'god bless injure rip who have pass metro north train crash morning',derailment
'engineer daydream crash  daily news',derailment
'derail train have engineer three days derailment concede',derailment
'train derailment impact local traveler rochester democrat chronicle train',derailment
'mercy college run shuttle response train derailment click here more',derailment
'probe seek cause train crash  federal authorities begin i',derailment
'grieve family who lose love one metro north derailment morning prayer time lose',derailment
'picture metro north train derailment',derailment
'there be major derailment least report dead',derailment
' train crash investigation take days official say',derailment
'photo aerial shoot passenger train derail',derailment
'let say prayer people lose morning train derailment',derailment
'derailment metro north train station',derailment
'dead more injure metro north train derailment morning',derailment
'lawyer engineer daze train crash',derailment
'passenger train derail  city',derailment
'shit break train derail travel mph approach mph zone',derailment
' train crash kill four leave injure today train hurtle off track ne',derailment
' derailment kill hurt dozen international  derailment kill hurt in',derailment
'break say train derail go mph approach',derailment
'check out news  train crash injure have wind full dirt four people miss',derailment
'post railroad slap emergency order  crash',derailment
'train derail  travel enter curve info suggest investigator',derailment
'live fee link metro north derailment ',derailment
'footage scene train crash  area ',derailment
' train crash derailment  news  train crash de',derailment
'queen resident dead derailment',derailment
'service affect derailment service hold albany',derailment
'say train derail travel mph approach mph zone',derailment
'peace family derailment morning ride train home day year',derailment
'derail train wreckage threaten long commute monday normal commute manhattan threaten turn',derailment
'rescue crew begin remove body train derailment video indonesia',derailment
'update dead injure  train derailment report',derailment
'graphic  train crash footage',derailment
'train derailment  photo',derailment
'break conductor claim be daze train last weekend',derailment
' derailment kill hurt dozen international news blog  derailment kill',derailment
'metro north investigator search cause train derailment apple',derailment
' train derailment kill four injure   train derail s',derailment
'let us pray kill injure metro north train derailment morning ',derailment
'engineer i daze crash',derailment
'speed eye derailment',derailment
'aerial photo train derailment',derailment
'dead injure injure  crash prayer go out',derailment
'watch senator chuck  train derailment',derailment
'engineer doze train derailment',derailment
'video challenge god love lie event cc',derailment
'post derailment put spotlight railroad safety',derailment
'ny say people dead injure train derailment ',derailment
'mayor present first news conference pc kelly',derailment
' train crash call attention impact fatigue safety',derailment
'train derailment kill injure over',derailment
'kill over injure commuter train derail  passenger train derail curve se',derailment
'rescue worker search survivor  train derailment',derailment
'second data recorder found train derailment',derailment
' train derailment former pennsylvania ed want more money government',derailment
'least people dead dozen hurt  city train derailment say us medium',derailment
'four dead train derailment injure',derailment
'least people have die more injure metro north passenger train derail  city',derailment
'fatality report  city train derailment',derailment
'do engineer say engineer train derail  tell official daze i',derailment
'multiple injury train derailment fire department multiple injury passenger train derailment severity u',derailment
'probe seek cause train crash official say locomotive',derailment
'passenger train derail kill passenger trail derail ',derailment
'think kill injure train derailment ',derailment
'derailment say train equip tech alert engineer wrong end',derailment
'governor dead hurt train derailment  passenger train derail a',derailment
'city room  today derailment best option commuter need know tuesday av',derailment
'system have avert train crash news share friend top news',derailment
'live video official talk train derail  kill least',derailment
'top identify people kill train crash  metropolitan transit authority',derailment
'crash glasgow paul walker now train derail ',derailment
'train derailment  city train derail dead live',derailment
'investigator look clue  derailment rail accident investigator us',derailment
'there moment silence here stadium impact today train derailment',derailment
'train derailment latest woe abc news train derailment latest woe',derailment
'black box data recorder recover eye derailment  brad pitt role',derailment
'passenger train derail  city number injury report',derailment
'train crash identify people kill weather channel',derailment
'concern line safety day train derailment  a',derailment
'crash train three time over speed limit',derailment
'clue seek  train derailment four people kill  crash happen a',derailment
'least kill injure train derailment local medium',derailment
'commuter train derailment kill',derailment
'view metro north derailment henry hudson bridge live feed',derailment
'lawyer engineer daze train crash abc news engineer daze t',derailment
'today bring so much bad news rip paul walker victim helicopter crash nd victim train crash ',derailment
'press release announce investigation derailment',derailment
'crash victim include love dad sister',derailment
'sen call federal official conduct expedite investigation derailment',derailment
'alcohol test train crew negative',derailment
' train derailment kill four injure ',derailment
'probe seek cause train crash probe seek cause train crash ass',derailment
'least four kill derailment',derailment
'final press brief metro north train derailment at',derailment
'derailment investigation',derailment
'pray affect metro north derailment accident lord please send help struggle',derailment
'friend family remember kill sunday metro north train derailment',derailment
'ny train crash driver in daze driver  commuter train derail',derailment
'dead train crash reflect ny diversity dead train crash reflect  diversity',derailment
' train derailment prompt governor press safety debate',derailment
'four dead more injure train derailment four people dead dozens injure',derailment
'crane right car derail train  federal authority begin right',derailment
'train derailment air query technology ny revelation y',derailment
'train  crash go mph mph zone say investigator brake problem more',derailment
'identify people kill train crash metropolitan transit authority identify',derailment
'speak family lovell kill metro north crash his family like know',derailment
'now report kill train derailment update get more information',derailment
'crash add woe',derailment
'concern line safety day train derailment  top fe',derailment
'derailment demonstrate need infrastructure derailment demonstrate need',derailment
'photo gallery  train crash',derailment
'there be one fatality so far metro north derailment ',derailment
'press brief metro north train derailment at',derailment
'rip four people who die metro north train derailment  ny tomorrow promise',derailment
' train derailment reminder importance sleep health policy',derailment
'metro north dead train derailment  atlanta usa georgia apple',derailment
'least people dead dozen hurt  city train derailment say u medium',derailment
'video  time minute detail train crash vice president asia an',derailment
'statement train derailment  ny',derailment
' city train crash speed black box  commuter train',derailment
'have best picture coverage train derailment live stream here',derailment
'prayer service victim train derailment hold pm today',derailment
'train derail  kill injure dozen people',derailment
'least dead ny commuter train derail  commuter rail line derail  city',derailment
'passenger train derail  city car water',derailment
'update train derailment least dead injure  ny send car close hudson river',derailment
'engineer daydream crash train engineer involve sunday crash ma',derailment
'think go out metro north derailment victim amp',derailment
'train crash  metro north train side',derailment
'passenger who survive  train crash intend sue railroad',derailment
'say possible fatality metro north derailment no confirmation',derailment
' train derailment kill least injure dozen',derailment
'here mandate technology have stop  train derailment',derailment
'train derailment kill hurt more question raise speed or human',derailment
'death injure train derailment  news',derailment
'break fire department multiple injury passenger train derailment severity m',derailment
'crash track destroy nb',derailment
'exclusive ny engineer doze second train derailment source say',derailment
'funeral hold one four passenger kill train derailment',derailment
' train have no anomaly derailment investigator say say investigator find an',derailment
'driver train derail kill four tell official daze moment crash',derailment
'train derailment air query technology salt lake',derailment
' train go mph derail',derailment
'final funeral train derailment victim',derailment
' train crash probe begin',derailment
'governor dead hurt crash  passenger train derail curve sec',derailment
'pray break four die commuter train derail  city',derailment
'national transportation safety board deploy team  investigate train derailment',derailment
'schedule speak medium',derailment
'crash order make safety change  time',derailment
'way investigate train derailment read more',derailment
'abc news lawyer engineer daze train',derailment
'live video local news coverage  city train derailment',derailment
' train crash continue coverage derailment ',derailment
'latest derailment',derailment
'train derailment metro north come think say it so have',derailment
'dead  city train report',derailment
' train crash kill four leave injure today',derailment
' train crash thousand daily commuter face delay line close blog',derailment
'train go mph approach mph zone derailment',derailment
'train crash',derailment
'train driver i daze crash report suggest conductor zone out',derailment
' train travel curve derailment',derailment
'wow rockefeller engineer fall train derailment report',derailment
'wow aerial picture metro north train derailment ',derailment
' train crash people hurt derailment  fire department',derailment
'horrify crash metro north morning prayer go out rider family',derailment
'dead train derailment injure',derailment
'one victim derailment hi way do work rockefeller christmas tree his friend say',derailment
'lawsuit plan behalf woman injure derailment',derailment
'scene derail train',derailment
'train derail  city police confirm passenger train derail ',derailment
'plan morning commute derailment',derailment
'watch live official give update train derailment investigation',derailment
'four dead injure  passenger train derailment',derailment
'train engineer fell moment crash ',derailment
'rip people who die train derail today injure crazy shit man',derailment
' train crash authority begin investigation passenger face delay',derailment
'metro north crash',derailment
'world news  train derailment kill four injure india ',derailment
'video passenger train derailment kill',derailment
'four dead dozen injure train derailment four dead dozen injure train derailment',derailment
'source engineer rockefeller in daze crash metro',derailment
'prayer affect today train derailment ',derailment
'engineer derailment suspend pay',derailment
'train derailment leave dead dozen injure four people kill more injure ne',derailment
'service be resuspend albany think go victim derailment first responder',derailment
'derailment probe',derailment
'say  commuter train go mph crash commuter train derail over',derailment
'train exceed speed limit crash',derailment
'metro north car water edge derailment',derailment
'see train derailment heart go out victim family so',derailment
'condolence go out friend family kill train derailment ',derailment
'think involve today  train derailment',derailment
'break news confirm dead dozen injure train derail',derailment
'least have die train derailment ',derailment
'speed focus ny train crash commuter warn delay investigator focus  c',derailment
'least four dead injure train derailment',derailment
'spot golf bermuda derailment',derailment
'dead more injure train derailment',derailment
' train crash live update passenger train derail kill least amp injure',derailment
'develop passenger train derail  carriage water',derailment
'live video official provide update derail train leave dead ',derailment
'least four dead injure  commuter train derailment fire department more',derailment
'man hail hero help passenger derailment horror',derailment
'dead train derailment ',derailment
'manage screw up major fact  metro north derailment do well',derailment
'lovell cold spring id ed one metro north crash victim',derailment
'mayor michael defend remain golf course train derailment',derailment
'speak family lovell kill metro north crash hi family like know',derailment
