' pd ask people social medium tweet get out area',bombings
'compare happen  explosion',bombings
'fbi release photo  marathon bomber suspect',bombings
'state affairs think',bombings
'open letter today bombing  marathon like feel',bombings
'explosion  violence go end real shit sm',bombings
'stay order can lift even be capture point',bombings
'heart pray go out affect explosion  hope ok',bombings
'go watch movie get shoot run marathon get bomb hate world',bombings
'day hate social medium rush first break news happen integrity',bombings
'crazy happen  marathon prayer involve',bombings
'tom melissa  terrorist attack there lot still need',bombings
'do country stop madness demonstrate  marathon today wonder time',bombings
'heart love prayer go out affect event ',bombings
'hope it terrorism',bombings
'possess copy protocol learn elder zion',bombings
'one  bomb suspect presume dead still',bombings
' marathon case prosecutor know record',bombings
'today april same day sink abraham lincoln shoot amp now  marathon',bombings
'custody bring',bombings
'explosion report near  marathon finish line affiliate report',bombings
'vice president describe bomb explosion',bombings
'heart go out who affect tragedy',bombings
'key congressman request classify brief saudi person interest  bomb',bombings
'close  bomb safety reason',bombings
'fbi agent involve arrest fall out helicopter die',bombings
'america be attack',bombings
'think go out ',bombings
'accord arrest bomb or take place',bombings
'twitter',bombings
'fbi now acknowledge interview year request country',bombings
'wow wow wow pray  terrorist',bombings
'admire take moment',bombings
'source arrive hospital cover blood allege  bomber',bombings
'break survive  bomb suspect a live cambridge mass one year',bombings
' police commissioner ed davis there no suspect custody stay continue coverage',bombings
'so disappoint kill',bombings
'beat shit out do bombing',bombings
'break news two explosion detonate quick succession right  marathon line',bombings
'support heart',bombings
' place bomb today iraqi kill wind explosion mo',bombings
' marathon explosion latest development',bombings
'ask dad he do wake up morning his exact word great good',bombings
'fact muslim trend right side  marathon',bombings
'wow pray effect explosion  today',bombings
'terrorist do bombing muslim open eye america idiot know fact first',bombings
'prayer go out  marathon victim today',bombings
'candy crush game tell people dm feel',bombings
'world need change',bombings
'no more story  nightmare',bombings
'watch happen  marathon so',bombings
'search continue suspect arm amp call',bombings
'suppose amaze day celebrate release bring out us',bombings
'report people injure explosion  marathon finish line',bombings
'pull out crumple note look hi webcam like ranch dress miss car green',bombings
'swear understand people can so mess up think it funny cool bomb city ',bombings
'monday marathon bomb first attack sport event',bombings
'prayer go out wrong people man sa',bombings
'send prayer who',bombings
'president find out who do hold',bombings
'law enforcement official confirm one two people kill today explosion eight year old',bombings
'friend  say kid newton give seat last mile marathon there yr old boy th',bombings
'second  marathon explosion capture video watch warn graphic',bombings
'report  marathon bombing suspect identify surveillance video',bombings
'heart prayer folks ',bombings
' marathon be shut down injury be report well possible fatality',bombings
'site up runner family',bombings
'think prayer go out victim family affect recent  marathon bombing',bombings
'know anything one plant bomb god',bombings
'break news  marathon terror bomb suspect be arrest',bombings
'run finish line someone ruin marathon',bombings
'who say smoke save live boat owner find while step outside have cigarette',bombings
'tl right now korea bitch talk',bombings
'photo private military operative hire work  marathon black backpack radiation detector',bombings
'break report counterterrorist cop now patrol major landmark here ny explosion',bombings
'timeline full celebrity world pray  thank',bombings
'family guy episode center  marathon conspiracy theory pull web fox',bombings
' bomb u customs decide verify international student visa',bombings
'bomb iraq amp  today go',bombings
'heart go out injure explosion',bombings
'god good even world',bombings
'world live',bombings
'sick world live in',bombings
'pray family injure  marathon bomb blast',bombings
'somewhere right now film producer have screenplay write  bomb america',bombings
'jihad discussion lead warn russian authorities',bombings
'reconstruct trail delete account latest',bombings
'go raise money it fair happen good',bombings
'hear tragedy  marathon please people stop beg',bombings
'so shock sadden explosion do people do',bombings
'least people have be treat area hospital marathon bombing dead',bombings
'try find love one  call have info explosion call',bombings
'report dead  marathon',bombings
' bomb suspect tell his right remain controversy judge make call  case',bombings
'globe video explosion',bombings
'hope find so can blow his as up his own pressure cooker bomb',bombings
'think amp prayer go out victim  marathon explosion so wrong world',bombings
'terrify video  marathon finish line explosion go off',bombings
'custody good work le',bombings
'red cross donate blood follow explosion  marathon',bombings
'poor people raise money choose charity human race do',bombings
'receive donate victim',bombings
'hour bos tech community raise over k victim let hit k',bombings
'example overwhelm kindness follow  marathon explosion',bombings
'lord world need help',bombings
'social medium chaos re live video lot photo exercise ethic journalist look',bombings
' bomb delay things want lose shuffle edit come well',bombings
'york post report runner kill  marathon bombing',bombings
'sick who so disgust do someone get answer find',bombings
'why so scare do anything know',bombings
'fbi release photo suspect',bombings
'player jersey saturday spring game bear name kill  attack',bombings
'break news blast rock  marathon',bombings
're  marathon bomb suspect please read please',bombings
'wrong people world',bombings
'dishearten hear bomb ',bombings
'chechen leader blame u  bomb',bombings
'update three people arrest roommate say',bombings
'bomb  chechen people sort russian so glad peep escape one',bombings
'bomb  waco explosion now shoot mit go nation',bombings
'london marathon runner urge cross line sunday tribute ',bombings
'pray god heal amp comfort injure amp affect incident today',bombings
'suspect normal kid use hang out smoke pot fox news guy say',bombings
'spread word save life',bombings
'scroll',bombings
'photo aftermath  marathon explosion witness scene',bombings
'please heart go out injure family friend who pass',bombings
'hear audio  way work amp see flag wave end',bombings
'day bomb dead child injure days bomb k dead child',bombings
'pray victim  marathon',bombings
'tear make me realize know life take rest peace',bombings
'mass general lockdown device found park garage',bombings
'time stone liberal medium accuse christian tea party white guy  bomb millstone muslim',bombings
'men propose  marathon attack',bombings
'intelligence official confirm two more bomb found be dismantle flight',bombings
'post family guy episode pull edit clip make light  marathon bomb',bombings
'three custody  marathon bomb investigation',bombings
'david brother',bombings
'break news multiple people injure near  marathon finish line explosion',bombings
'listen song pray help pain feel bomb',bombings
'claim authority can no longer question  bomb suspect gop be right',bombings
'time square york ',bombings
'have one word america',bombings
'people suck love hometown bomb finish',bombings
'beck bombshell hide third  marathon terrorist plan sneak out country pat',bombings
' marathon bomb suspect recognize call',bombings
' bomb suspect father postpone trip us cite poor health father two  bomb',bombings
'prayer go out people family  tragedy',bombings
'sadden news  prayer go out family suffer tragedy',bombings
'heart go out affect explosion ',bombings
'think prayer',bombings
'china mourn  marathon victim chinese internet user mourn chinese graduate student who fall victim',bombings
'people suck',bombings
'put catch terrorist mode call duty',bombings
' terrorist attack call terrorist attack',bombings
'lu third victim  marathon bombing',bombings
'news  marathon live fee fox news show spectator say say dead body',bombings
'address nation re  bomb rumor blame video amp conservative',bombings
'prayer go out victim today explosion',bombings
'watch live two explosion near finish line  marathon leave unknown number people injure',bombings
'call or text crisis counsel tragedy',bombings
'link fix  marathon bomb suspect identify',bombings
'uncle true american watch his interview',bombings
'american red cross statement  marathon explosion',bombings
'sick people world',bombings
'happen  devastate',bombings
'lesson greek tragedy',bombings
'people can chill  marathon more people have get injure smoke pot so cool shit',bombings
'why read hi right',bombings
'day trust god psalm',bombings
'explosion marathon de  bless de tout no pen e',bombings
'profile last see yesterday pm',bombings
'first time police have confirm scanner marathon bomb suspect',bombings
' marathon bomb get me think wonder why dear lord why race',bombings
'have info or look visit person finder add datum',bombings
'so heart go out victim',bombings
'father  bomb suspect expect travel u talk investigator',bombings
' marathon bomb photo clip make me sick stomach do human be',bombings
'break suspect  marathon bomb shoot kill police suspect run manhunt',bombings
'add  marathon bomb pile fail narrative',bombings
'prayer go victim',bombings
'so glad standoff over kudos law enforcement officer involve',bombings
'us hear bout shit  u bomb marathon folk dye',bombings
'think best wish  right now',bombings
'so now cos  bombing muslim trend wow fuck stereotype bomb do muslim',bombings
'get',bombings
'pot party top ten sign brother muslim',bombings
'latest forget motive',bombings
'thank generosity volunteer blood donor there enough blood shelve meet demand',bombings
' bomber be arrest custody',bombings
'donate  marathon tragedy rip',bombings
'receive update fbi director blast credit white house',bombings
'one think people bid money have bury property sell ticket',bombings
'live please',bombings
'police have arrest suspect connection monday  marathon bombing report accord source',bombings
'north korea say go strike usa today there go explosion  marathon',bombings
'bangladeshi beat bronx be arab  bomb',bombings
'wig cia spy c seek information  bomb',bombings
'google roll out person finder affect  marathon explosion',bombings
'matter people',bombings
'sarasota  think go victim marathon bombing be sadden loss life',bombings
'know rape relate one close friend die  explosion so please get',bombings
'shock scene involve',bombings
'break explosion report near  marathon finish line affiliate report',bombings
'kill more injure blast',bombings
'look video right explosion  today see helper action',bombings
'mayor tom  one community let terror win',bombings
'heart wrench photo photo bystander comfort victim today attack ',bombings
'grand theft auto a have star',bombings
'doctor bomb contain pellet shrapnel nail hit victim',bombings
'run community turn out tonight support affect tragedy  marathon',bombings
'stop violence',bombings
'lede tale brother carjack victim  globe publish rivet story ab',bombings
'video empty  it bomb have drop oh',bombings
'fbi kill man tie or force',bombings
'amen',bombings
'super tire go be night',bombings
'here nice thing one couple do marathon bomb',bombings
'two terrorist attack  marathon take place two explosion so',bombings
' bomb stir echo unrest caucasus russia automatic weapon hi side an',bombings
'possible twitter account terrorist',bombings
'two explosion  marathon finish line yahoo news',bombings
'first responder who rush help people',bombings
'york post report dead injure explosion rock  marathon suspect identify',bombings
'threat  bomb suspect dad tell son surrender say hell break loose son die',bombings
'hurt help',bombings
' marathon tragedy day remember',bombings
'uncle marathon bomb suspect speak',bombings
' pray country people suffer',bombings
'capture bomb suspect dead u medium',bombings
'break news fbi announce progress  bomb investigation',bombings
' bomb produce familiar reveal reaction glenn',bombings
' marathon bomb suspect kill large explosion gun fight',bombings
'wow photo capture  marathon explosion explosion',bombings
'picture  marathon bomb suspect help find',bombings
'rip yr old girl who die explosion while run hook',bombings
'page  explosion  explosion happen',bombings
'tragedy help',bombings
'hell bomb  marathon keep injure family people die think',bombings
'update  marathon explosion least dead injure',bombings
'so happen ',bombings
'someone call police house think  marathon interrogate',bombings
'wow week mark anniversary columbine oklahoma city bomb vt now two more tragedy ',bombings
' home think involve tragedy hope okay',bombings
'marathon bomb suspect elude police hunt shut  down watertown massachusetts black hawk helicopter',bombings
'feel hi hurt',bombings
'want send letter send federal medical center po box',bombings
' have bomb today iraq do',bombings
'great news official  marathon bomb suspect custody',bombings
'thank chicago one thing see while',bombings
'fbi release photo bomb suspect',bombings
'think prayer people ',bombings
'photo suspect  marathon bombing',bombings
' police second suspect week  marathon bombing custody manhunt',bombings
'april day lincoln assassinate day sink now tragedy ',bombings
'help  marathon bomb victim news',bombings
'please pray fo da da affect need prayer now da week come',bombings
'manhunt hit travel logan flight run bomb manhunt  train bus service',bombings
'please please mt may want social medium good idea least ',bombings
'thug mt teamster member shield  bomb victim funeral protester',bombings
'watch sky news video clip bomb go off  scene',bombings
'so scar mean  scare c let image break heart poor people',bombings
'travel  thursday attend service marathon bomb victim',bombings
'can do pray',bombings
'say suspect his brother know suspect',bombings
'break news official possible  marathon bomb suspect see image second bomb sit',bombings
'close eye can see better day close eye pray',bombings
'fox photo possible second  marathon bomber possible bomb explosion',bombings
'crazy news video first  marathon explosion',bombings
'do charity so innocent deserve it',bombings
'essential part hi indoctrination conspiracy theory',bombings
'one suspect  bomb dead',bombings
'explosion  marathon',bombings
' bomb suspect tell official brother drive force behind attack',bombings
'celtic honor affect event take place today ',bombings
'it so person hurt innocent people',bombings
'do see old man fall grind like sack shit',bombings
'doctor  bomb patient live  rebuttal terrorist',bombings
'report saudi national file say individual link  bomb',bombings
'rad so free speech fun time tragedy why go  wear shirt tell',bombings
'believe control explosion least accord  feed follow still super',bombings
'must watch bruin fan sing national anthem first home game  marathon bombing',bombings
'explosion  iraq earthquake iran crisis syria crisis palestine happen world',bombings
'orlando man kill fbi have tie  marathon bomb suspect news confirm',bombings
'break authority investigate report two explosion finish line  marathon',bombings
'so amp see violence keep think today',bombings
'profile picture now martin who kill  bomb young boy heart inspire',bombings
'have bad news lose hide seek ask bin lade saddam good luck',bombings
'question private military force do marathon',bombings
'go blame or fight war violence',bombings
' bomb suspect treat enemy combatant prosecute criminal justice system white house',bombings
'prayer go victim family people affect tragedy',bombings
'people  need prayer tonight',bombings
'canadian enter  marathon',bombings
'there may bomb jfk library there sick people world',bombings
'surveillance video show two possible suspect  marathon bomb',bombings
'in  university student injure marathon',bombings
'emerson college community show unity seven student injure marathon blast',bombings
'photo  bomb suspect martin',bombings
'photo observe moment silence today honor  marathon victim',bombings
'heart go out people who injure kill  marathon',bombings
'god bless victim family tragedy',bombings
'huntsville runner homeland security ask  marathon participant photo video dink taylor say',bombings
'photo two man want question  marathon bomb let try',bombings
'dead must find out who do',bombings
'marathon child who die newton fuck bomb marathon much',bombings
'muslim happen  photo holy book',bombings
'god need right no',bombings
'hearts go out who affect tragedy',bombings
'warn people cautious hold press conference central',bombings
'jesus fuck christ poor people  marathon feel sick',bombings
'hi',bombings
'article bomb blast frenzy blame muslim',bombings
'pt address nation explosion well here',bombings
'pressure cooker use  bomb buy taylor swift spokeswoman',bombings
'hope  ok pray marathon runner',bombings
'local surprise bury virginia cemetery',bombings
'think prayer victim family first responder affect event  today',bombings
'support tribute song victim  marathon bomb',bombings
'ph consulate general york say no filipino casualty  marathon terror attack',bombings
'uncle suspect friend brainwash uncle man accuse  marathon bomb',bombings
'frighten video so far  explosion happen',bombings
'isaiah right now',bombings
'explosion have be report  marathon finish line spread word',bombings
'saudi detain re amp release',bombings
' police least people kill  marathon bomb',bombings
'let burn whole middle east enough happen peace love',bombings
'think affect event unfold  today',bombings
'county prosecutor build murder case officer slay county',bombings
'us medium report fbi announce have identify suspect  marathon bomb',bombings
'thing one more person dead why',bombings
'watch faithful sing national anthem day  bomb suspect arrest',bombings
'tea party congressman use  marathon bomb justify oppose immigration reform',bombings
'think prayer go out affect bomb  so',bombings
' police tell fbi get warn',bombings
'afp north caucasus rebel deny link  attack website website use russia north caucasus',bombings
'ask work terrorist  police commissioner ed davis say can draw own conclusion',bombings
'lose faith',bombings
'mom who cross finish line first bomb go off tell scene ho',bombings
'care who be take second save life',bombings
'break source  bomb suspect russia region near chechnya live us least year',bombings
'heart go out involve',bombings
'report surveillance photo blast show man place backpack scene explosion',bombings
'rip girl who die  explosion while run hook',bombings
'take people grant show love kindness today',bombings
'inspire thing news station report racer run finish line',bombings
'concern love one can see last check here',bombings
'live  or near it do use electronics trigger bomb spread',bombings
'so people finish marathon moment tragedy',bombings
'turkey compare  bomb victim terrorist flotilla kill israel',bombings
'chopper say flash bang bow suspect stern good distance',bombings
' bomb picture emerge suspect street gun battle police ',bombings
'notice  bombing now uncover bomb plot country',bombings
'bomb squad arrive scene swat police engagement suspect',bombings
'officer involve take custody have buy own drink',bombings
'u seek death penalty life imprisonment parole amp daily labor',bombings
'photo bomb explode distance marathon',bombings
'resident west  tell stay home search bomb suspect transit shut down more',bombings
'backpack leave laurel bomb squad out',bombings
'tonight tweet capture bomb suspect show',bombings
'fund create support victim  marathon explosion',bombings
'crazy bastard',bombings
'nazi do say bill attack watch',bombings
'break heart people ',bombings
'reform be tie attack suspect immigrant',bombings
'lose life  marathon year old girl',bombings
'fbi kill man link  bomb suspect',bombings
'sadden bomb explode crowd street near finish line  marathon yesterday love',bombings
' marathon winner honor city victim',bombings
'live washington state thousand mile doubt set bomb  off',bombings
' bomb suspect family receive g taxpayer good grief amp thank get',bombings
' bomb us root chechen terrorism',bombings
'shake think prayer city  affect tragedy',bombings
' run dedication kid now wont walk',bombings
'break authority believe have identify  marathon bomb suspect base video stream source',bombings
'rip girl who die  explosion run hook kid br',bombings
'prayer still mourn loss still hurt',bombings
'york city tighten security wake explosion marathon know extent casualty',bombings
'aunt  marathon bomb suspect live exclusive interview',bombings
'story immigration fraud write over',bombings
'in  bomb latest father or deny son action',bombings
'police need see',bombings
'explosion  bomb  go stop america fall',bombings
'go world',bombings
'word there power unite nation',bombings
'live video explosion  marathon',bombings
'it disgust innocent people loose live even do anything',bombings
'en  con de area',bombings
'break suspect  bomb describe dark skin male',bombings
'prayer go out who get hurt',bombings
' pd injure death explosion',bombings
' see tragedy like  tea party',bombings
'think prayer affect explosion ',bombings
'lay wreath tonight victim amp affect  marathon bombing',bombings
'state police say possible link marathon bomb link murder mit officer',bombings
'terrorist bomb  care people',bombings
'want city trend bad reason',bombings
'wait finish line propose cry so heart break',bombings
'rep king have be warn sooner threat city',bombings
'bomb ',bombings
' police fbi urge video finish line time explosion please come forward',bombings
'save life please read',bombings
'now have  bomb amp explosion  add virginia tech week mourn april',bombings
'report suspect custody help bomb',bombings
'cant deal world people so fuck up sick ill pray  marathon victim amp',bombings
'south africa stay  lot love support',bombings
'news report least dead injure',bombings
'a act violence  marathon explosion raw video footage explosion',bombings
'thing have read',bombings
'death penalty lawyer join marathon bomb suspect defense team ',bombings
'break one marathon bomb suspect be catch loose watertown',bombings
'update child injure include boy icu head injury people have have',bombings
'think prayer go out injure  marathon',bombings
'coach get contract extension  bomb suspect cite u war motivation',bombings
'think prayer affect tragedy ',bombings
'get donate victim  marathon explosion',bombings
'police tweet request video  marathon blast  police department tweet plea f',bombings
'let friend amp family know ok or locate love one w person finder  explosion',bombings
' bombing use scam bait spam email use relate attack',bombings
'london marathon honor  victim',bombings
' marathon  mit point need stop pray specific location',bombings
'bet government make bomb ',bombings
'explosion be report near finish line  marathon u',bombings
'there sick people world wish disappear stuff happen',bombings
' terror attack illustrate two point move so fast immigration reform give up amend',bombings
'two explosion near finish line  marathon',bombings
'heart prayer go out be affect tragedy ',bombings
'say stay  marathon area amp jfk library can spread word',bombings
'bomb hunch',bombings
'google person finder up explosion',bombings
'honor guard stand moment silence remember victim marathon attack',bombings
'news happen  think amp prayer out affect tragedy',bombings
'harrow there excuse hurt people',bombings
' bomb update fbi special agent mission clear bring justice marathon bomb no know',bombings
'still listen give thank day like today',bombings
'think prayer affect  marathon explosion toda',bombings
'pray',bombings
'here article track development',bombings
'terrify',bombings
'glenn beck threaten expose u government  bomb video',bombings
'people  marathon have blast wrong sick mind people innocent live have bee',bombings
'ci parole',bombings
'bomber death photo wonder gun do glad blast tho',bombings
'oh god',bombings
' ma news report jfk library bomb recent be scene',bombings
'love show  marathon atrocity like show',bombings
'google create person finder  marathon pass',bombings
'send out piece man carjack  marathon bomber it',bombings
'write hi social network personal priority career money',bombings
'there report  marathon runner cross finish line continue run hospital give blood',bombings
'world go bloody ma',bombings
'reminder while  mind no connect tragedy world',bombings
'ok so explosion ',bombings
'letter hope marathon bomb',bombings
' marathon jfk library blast victim need help',bombings
'race director complete hi today',bombings
'prayer go up  marathon yes god pray',bombings
'update hospital report least injure least  explosion',bombings
'more fbi photo  bomb suspect amp photo his page',bombings
'while try confuse amp distract american public  marathon suspect pass',bombings
'there no word image be leak out victim bombing',bombings
'marathon race somebody put bomb finish line kill two people injure',bombings
'blood glass debris sidewalk one two  marathon explosion occur',bombings
'why hi name',bombings
'break photo fbi release picture tear backpack amp mangle pressure cooker use  bomb attack',bombings
'have dream hang dude make bomb ',bombings
'today be tough day stay tough',bombings
'check out donate one man marathon one fund ',bombings
'feel sorrow anger happen  people kill dozens syria daily',bombings
'heart go out victim amp family event',bombings
'chaos cop his weapon draw advance blast area turn run',bombings
'think go out affect attack  afternoon',bombings
'vine video explosion ',bombings
'dead suspect wife wife decease  marathon bomb suspect',bombings
' marathon suspect custody  police say',bombings
'watch honor first responder event surround tragedy',bombings
'truth frank  marathon bombing no tax cut have help u deal',bombings
'sport kobe amp more react marathon tragedy',bombings
'idiot actor blame  attack amendment',bombings
'glad friend safe event',bombings
'read spread',bombings
' marathon bomb medium error pile up do outrage',bombings
'please share have mention me tweet picture',bombings
'scene so live have be lose',bombings
'shock horrify  marathon today think prayer family friend',bombings
'can rest now appear join search  marathon bomber',bombings
'rip girl who die  explosion while run hook kid',bombings
'oh god fuck happen',bombings
'honor yr old  bomb victim martin game chicago tonight',bombings
'law enforcement official say arrest follow  marathon bomb',bombings
'hear explosion  prayer go out victim family so',bombings
' pd say get social medium tell people stay  marathon area jfk libra',bombings
'rip yr old boy who die  explosion while run hook kid',bombings
'find out tragedy  no word right now',bombings
'pray ',bombings
'live coverage now major development attack suspect dead large',bombings
'attend  bomb service president attend service  victim monday',bombings
'let let',bombings
' bomb suspect take custody police say',bombings
'post compare country ',bombings
'image  bomb suspect battle police',bombings
'hear news  time',bombings
'break photo survive  bomber his social network account',bombings
'google create person finder affect explosion',bombings
'update fbi release photo second  marathon suspect be pursue photo',bombings
'break better shoot boat suspect bomber hide out',bombings
'multiple casualty explosion  marathon finish line blast occur few second',bombings
'week marathon bomb mit shoot police chase watertown fertilizer plant accident',bombings
'rage behind american dream',bombings
'injury marathon terror attack now least injure child',bombings
'close eye amp can see better day close eye amp pray want live here',bombings
'wait no terrorist can follower cry reach crescendo',bombings
'know who behind  marathon bomb who hope rot',bombings
' marathon emerge',bombings
' bomb make me so do hope rot hel',bombings
'en mi tweet time google person finder  marathon explosion see more',bombings
'pic  marathon bomber',bombings
'hear friend  run amp mile explosion ok shake relief tragedy',bombings
' marathon bomb horrify chill think prayer victim family',bombings
' turn out fbi suspect abc fox al look like id',bombings
'release fbi suspect suspect  marathon bomb',bombings
'video update footage gunfire explosion cop search killer',bombings
'international herald tribune video point suspect marathon bomb',bombings
'why there people world who want hurt people get why do want make people cry',bombings
'show support affect event today ',bombings
'police search marathon bomb suspect loose shoot carjack',bombings
'friend  bomb suspect shoot kill fbi agent report',bombings
'world come',bombings
'hear news  marathon pray involve',bombings
'entire copley square area be evacuate be move street',bombings
'level confirm brown university student identify  bomb suspect find dead providence rive',bombings
'remind us humanity good side  bomb',bombings
'know  shit so much news say',bombings
'bomber time square plan  bomb suspect reveal york terror plan video',bombings
'send love',bombings
'break survive  bomb suspect identify a cambridge mass',bombings
'think wish go out effect  explosion thing happen',bombings
'bomb explosion ',bombings
'map explosion occur  marathon',bombings
'child so young',bombings
'prayer  who injure  marathon',bombings
'hear  marathon blast',bombings
'end day care lose tho mind poor victim ',bombings
'need save life',bombings
'us soldier do  marathon wear pack then help save live',bombings
'live update  marathon bomb',bombings
'so hear happen  pray affect tragedy',bombings
'despite report contrary there be arrest marathon attack',bombings
'so prayer',bombings
'so so tragedy',bombings
'so',bombings
'three suspect take custody marathon bomb case detail follow',bombings
'people say there be bomb  think  avenue',bombings
'keep up bomber  marathon fbi must say',bombings
'go first game marathon tragedy',bombings
'send prayer victim bomb tragedy  marathon',bombings
'strength amp prayer  impact attack people  tough amp',bombings
'least injure  bomb condition expect survive night',bombings
'make me sick nobody deserve',bombings
'baptists bomb  marathon wtc pentagon kill american',bombings
'why do medium report scrap rumor or innuendo re  bomb suspect fox prove day no penalty',bombings
'guy stop scroll do ignore news centre police need see',bombings
'administration keep tab clan way go innocent dissident',bombings
'days like today feel work lifeline period tragedy',bombings
'front me now run over his mother put bitch camel clutch while',bombings
' marathon bomb investigator use photograph',bombings
'marathon carnage explosion ',bombings
'part world thing like happen',bombings
'please no matter who be save live spread word stay safe',bombings
'so people have have hearts amp body break event celebration human endurance',bombings
'break source marathon bomb suspect admit brother detonate bomb kill police office',bombings
'pray victim explosion  god',bombings
'exclusive report  marathon bomb exclusive wrong',bombings
'fbi update investigation multiple explosion ',bombings
'tweet he ok  marathon run',bombings
'three friend run  marathon today think fellow runner hope safe',bombings
' marathon explosion picture video release get live internet coverage',bombings
'moment realize boat work water',bombings
'think amp prayer near explosion  marathon finish line',bombings
'please  right now know someone who injure family wont pick up',bombings
'touch ur lebanese as stick name yell be or',bombings
'break heart',bombings
'hope ok  marathon',bombings
'kill injure  blast',bombings
'community  help solve  bomb or accuse innocent people',bombings
'do bomb suspect  plan more attack',bombings
' bomb culprit have escape india juvenile laws have set free now',bombings
'think prayer affect explosion',bombings
'fbi warn people marathon bomb relate fraud',bombings
'family search love one',bombings
'heart break effect or injure explosion  marathon god bless',bombings
'bomb suspect number train gym use train there',bombings
'like people set off bomb event  marathon injure',bombings
'u president say police emergency service respond tragedy',bombings
'so far week two year old kill homeless man dare bomb',bombings
' marathon bomb cop kill suspect hunt suspect',bombings
' marathon explosion injure dozens live update',bombings
'can donate affect monday tragedy',bombings
'go wrong  norway attack',bombings
'rip who die  get donate city victim',bombings
'fuck world wow ill fail shock people',bombings
'former chief live news right now say one hi source',bombings
'follow live coverage aftermath two explosion finish line  marathon',bombings
'prayer love affect explosion  today',bombings
'break  pd report injury death marathon explosion report say police still find second',bombings
'catch  terrorist make sit  bruin bench game no one bomb america',bombings
'say innocent or trial go there say',bombings
'grand theft auto have star right now',bombings
'hope ok',bombings
'set up son carry out terror attack brother mother',bombings
'scott post story display heroic act kindness  marathon',bombings
'open monologue  tragedy',bombings
'country represent  marathon today attack world ',bombings
'people evil sleep know end someone life',bombings
'send love  tragedy amaze hear people come out help',bombings
'get why happen',bombings
'so things happen hope peace come cause get',bombings
'report progress marathon bomb case',bombings
'little girl lose leg ',bombings
'major explosion go off marathon sport store street near  marathon finish line',bombings
'lad footage  bomb like help have perspective so',bombings
' marathon joke people',bombings
'bless hearts',bombings
'action speak word act act',bombings
'thank ask question  marathon bombing day',bombings
' suspect move fbi search landfill   marathon bomb suspect',bombings
'reminder senator vote let buy weapon gun show background check',bombings
'continue keep people family involve  bomb prayer think',bombings
'google create  marathon explosion person finder',bombings
'help victim  marathon bombing',bombings
'czech diplomat  marathon bomb medium frenzy please stop confuse chechnya czech republic',bombings
'break suspect  marathon bombing dead one remain large consider arm official',bombings
'heart prayer go out affect  marathon explosion',bombings
'do brother lead suspect murder who know brother remember friendly giant',bombings
'marathon explosion toll rise dead wound  marathon explosion',bombings
'prayer go out part ',bombings
'latest development  bomb investigation here latest development',bombings
'picture so can see it',bombings
' marathon bomb survivor tell one fund  administrator traumatize blast',bombings
' bangalore now  factory explosion world head',bombings
'uncle family claim  bomb suspect body',bombings
'number people who run blast  help injure signal terrorist',bombings
'run support kid hook now run',bombings
'abc news report air quality expert have be bring  ensure explosion chemical attack',bombings
' suspect twitter seem like terrorist',bombings
'so can pronounce cant pronounce right see',bombings
'video explosion there way much violence hate world',bombings
'highlight complaint  bomb suspect wall street journal abc fr',bombings
'go movie get shoot go school get shoot run marathon get bomb world be',bombings
'attention racist  bomb suspect caucasus region mean',bombings
'terrorist coward plain simple enjoy burn hell eternity so',bombings
'exclusive  bomb victim photo help fbi identify attacker',bombings
'pray mom run  marathon cant get',bombings
'predict find friday',bombings
'enough  bomb vigilantism madrigal',bombings
'three more arrest make  marathon bomb photo',bombings
'john king arrest be make investigation  marathon bomb',bombings
'who people dress  marathon bomb',bombings
' bomb suspect',bombings
'hearts go out affect tragedy amp tool',bombings
'hear family vip section right  marathon explosion',bombings
'source suspect bomber plan carry out attack july bomb ready',bombings
'actor blame attack gun culture amendment must go',bombings
'picture purport show brother engage police',bombings
'official investigate  marathon explosion report find believe device',bombings
' bomb suspect probe link extremist group tv',bombings
'people still good world let action few taint view world',bombings
'good people train amp run amp someone do why plea',bombings
'day foot sympathy',bombings
'sick stomach cant believe happen',bombings
'sicken sadden news event  today',bombings
'people injure explosion near  marathon finish line two explosion finish line ',bombings
'drake relay ban bag wake  marathon attack',bombings
'condolence victim  marathon explosion',bombings
'state official capture',bombings
'page focus islam',bombings
'world live disgust me',bombings
'holy shit fuck happen',bombings
'april sink april disaster april  explosion holy shit mum birthday',bombings
'internet come up million lead potential  bomb suspect',bombings
'suspect identify cambridge suspect consider arm amp',bombings
'fbi agent who eliminate  terrorist die fell out helicopter fbi say oh re',bombings
' bomb suspect tell official h',bombings
'prayer go out ',bombings
'pic look good aftermath  marathon bomb',bombings
'pray people  event no one deserve pray',bombings
'dead marathon terror attack so stuff happen world',bombings
' police despite report contrary there be arrest marathon attack',bombings
'worse security service say know terrorist investigate or hear',bombings
'saudi man injure bomb  saudi man call terrorist suspect saudi man find witness',bombings
'election tweet  bomb suspect report account',bombings
'security beef up multiple  blast police york city london',bombings
'people plus year old boy pass today  marathon people injure',bombings
' bomb suspect walk',bombings
'charge  bombing while lie his hospital be',bombings
'guy',bombings
'show support affect event today  so crazy',bombings
'suspect twitter  bomb stay safe',bombings
'rush pal bill get hi start  act',bombings
'blast twitter raving conspiracy theory begin',bombings
'shock watch news tragedy  heart go out victim or event',bombings
'world suck',bombings
'people screw up',bombings
'wrong world run charity now no leg',bombings
'rendezvous question london kill echo  bomb daylight murder soldier',bombings
'well want game  area marathon bombing',bombings
'best way can explain it marathon monday  spend friend family it',bombings
'still obsess  bomb report',bombings
'world focus best picture week  marathon bomb thatcher',bombings
'mom abc suspect influence hi brother say law raise',bombings
'think prayer go out affect explosion  marathon',bombings
'donate pass catch season  marathon relief fund there be fo',bombings
'bomb it good year marathoner train real shame',bombings
'devastate photo  marathon runner be halt explosion',bombings
'wow even run safe day think prayer hurt tragedy  marathon',bombings
'live footage  marathon explosion',bombings
'pray  marathon',bombings
' mark week marathon bomb silence',bombings
'chill photo  bomb suspect marathon',bombings
'find second bomb suspect dead somewhere or wont take',bombings
'people sick',bombings
'please take moment pray  bomb explode near marathon finish line multiple causality',bombings
'can see whole  marathon story turn',bombings
'name rearrange hazard over thank know who have rearrange name lord',bombings
'think prayer so dishearten human do one',bombings
'russia record  bomb suspect discuss jihad hi mother over phone',bombings
'scene  area explosion gunfire shoot mit campus office',bombings
'there explosion  half motherfucker do kid',bombings
'oh no explosion  marathon warn blood',bombings
'rip little girl re angel now',bombings
'save live spread word',bombings
'pray  heart go out amp victim',bombings
'happen president speak service dedicate victim bomb ',bombings
'campaign help  victim family week  here good news o',bombings
'see explosion go off end  marathon world come',bombings
'break bomb report near  finish line add story develop',bombings
' marathon bomb suspect kill large',bombings
'spend day hospital  bomb victim treat hop  can persevere well',bombings
'mi para la de la marathon de',bombings
'kremlin say agree step up counterterrorism cooperation follow bombing',bombings
'suspect father think set up suspect uncle say do loser',bombings
'inspire story runner who finish mile then run over mass general ho',bombings
'heart',bombings
' fall remember marathon bomb victim  observe moment silence mark one',bombings
'holy crap stupid check have stop shootout',bombings
'share marathon bomb suspect photo help bring justice bring',bombings
'suspect found',bombings
'think few month hear now',bombings
'find out there shoot mit do know relate  bomb way',bombings
'world dark place let light',bombings
'injury report least hurt pair explosion rock finish line  marathon',bombings
'understand things keep happen',bombings
'say accuse take item belong throw deny',bombings
'uncle  bomb suspect now speak live',bombings
'see video  cry rn',bombings
' marathon bomb parent victim campbell think have',bombings
'picture explosion finish line  marathon',bombings
' bomb suspect kill shootout',bombings
'thing make fake twitter account  terrorist follow',bombings
'see explosion think go out over there',bombings
' bomber charge marathon terror bomb be hit wit',bombings
' bomb suspect accord fox news photo',bombings
'lord close save who crush spirit psalm',bombings
'one want get line gauntlet let skate',bombings
'love real have do can keep lawrence',bombings
'heavy rain expect afternoon latest update three arrest  bomb few minutes',bombings
'two soldier need tell help run marathon',bombings
'send love prayer affect today tragedy',bombings
'please let terrorist',bombings
' overcome',bombings
'bomb suspect receive u citizenship sept yr day attack',bombings
'write note boat hide',bombings
' college student postpone walk mark marathon bombing thousand indicate come',bombings
'en marat',bombings
'fake  marathon account be suspend thank twitter',bombings
'cant even believe',bombings
'can know one terrorist who bomb  hm guess terrorist',bombings
'sir reply bitch may',bombings
'be capture now fbi can focus find snowball',bombings
'please stay safe please make home',bombings
'american muslim revile terror attack american forum democracy',bombings
'dozen people injure two explosion finish line ',bombings
'explosion  marathon authority request keep phone line open',bombings
'more us official more explosive found  marathon c',bombings
'google release tool help love one track down runner',bombings
'be adversary even cuba set beef aside mourn  marathon adversary even cuba set beef',bombings
'person finder  marathon explosion guy can help someone',bombings
'stay stay',bombings
'news high pitch obsess tragedy  still upset jason rob zombie opera song',bombings
'hope okay',bombings
'wow cant believe happen  marathon pray down there',bombings
'street bomb  marathon',bombings
'law enforcement source say  bomb suspect learn make bomb instructions found internet no',bombings
'fan help raise money  marathon victim purchase custom bat',bombings
'song go out people lose someone bomb pray u',bombings
'sadden recent event  marathon act terrorism affect',bombings
'oh deary me',bombings
'white visit  write check bomb victim mix martial art news',bombings
'beware mt fake twitter account solicit donation victim',bombings
'heart go out people  tragedy more wound evil beget evil',bombings
' marathon tragedy meet act kindness',bombings
'wish express sympathy affect event take place afternoon',bombings
'need more followers',bombings
' bomb',bombings
'live sick world',bombings
'waco yr today bomb columbine shoot  bomb happen same week april',bombings
'bomb blast  america least dead injure twin  marathon blast',bombings
'damn shame',bombings
'source feed eye take death penalty off table  bomb suspect exchange attack detail',bombings
'help girl find family please spread word',bombings
'finish line  marathon explosion second explosion see ba',bombings
'suspect still condition accord fbi be treat beth israel deaconess hospital',bombings
'think  right now',bombings
'shoot fire three door down house franklin capture',bombings
'heart hurt then coffee shop bomb iraq kill make brain hurt humans must get',bombings
'send love victim affect explosion  marathon',bombings
'have bad news lose hide seek ask bin laden saddam good luck',bombings
' marathon bombing father forgive come place call s',bombings
'photo  bomber capture massachusetts college student want  marathon',bombings
'join me pray kill injure  marathon jfk library explosion',bombings
'life short dwell little',bombings
'break news three people take custody part  marathon terror bomb investigation',bombings
'two blast marathon have injure least situation still develop',bombings
'question fbi release well do fbi well do',bombings
' authorities ask people limit cell phone use system overload',bombings
'video interview bill man orange knock down blast  marathon',bombings
'have take multiple chapman fastball nut punishment',bombings
' concert benefit marathon victim take place tonight',bombings
'photo two day page create  marathon',bombings
'break  police commissioner explosion jfk',bombings
'people auction off  marathon finisher medal',bombings
'toronto woman identify aunt  bomb suspect demand see more evidence fbi',bombings
'break  marathon hq lock down report explosion spokesman say',bombings
'pd ask officer report work',bombings
'believe have close encounter marathon bomb suspect pick up heavy backpack local ta',bombings
'worse patriot act  blast safety  bomb amp overlook tragedy video',bombings
'punishment suspect  shove bomb up his',bombings
