'find out stop bangladesh factory collapse amp can make happen',building_collapse
' factory collapse force company rethink outsource manufacture',building_collapse
'fire elam rana plaza tragedy',building_collapse
'price pay family dead garment worker so can have clothe',building_collapse
'no word haunt photo become symbol  build collapse',building_collapse
'brand distance  factory collapse',building_collapse
'body still collapse  build',building_collapse
'survivor  factory collapse speak out so',building_collapse
'thousand mourn victim factory collapse photo',building_collapse
'death toll  build collapse now above',building_collapse
're factory collapse  pope call one foundation capitalism slavery',building_collapse
' end search collapse victim source ho',building_collapse
'photo  build collapse chill photo',building_collapse
'world news least dead  build collapse usa today usa today abc least',building_collapse
'collect fund send  help cover medical expense victim donate',building_collapse
'store boycott may answer demand retailer take responsibility safety be',building_collapse
' factory collapse pope condemn slave labour condition',building_collapse
' build collapse death toll surpass more body have be recover',building_collapse
'oh god devastate photo  factory collapse shake',building_collapse
' factory collapse family search truck haul debris dead',building_collapse
'trap  build rubble toll top  survivor',building_collapse
' build collapse death toll approach',building_collapse
'think amp family   build collapse kill least',building_collapse
'head official inquiry  factory collapse say building owner main culprit',building_collapse
'ada rana plaza ',building_collapse
' factory collapse death toll hit buy american make',building_collapse
' garment factory collapse over death over injure major store still refuse sign safety',building_collapse
' worker demand better safety work death penalty factory owner die build collapse',building_collapse
' toll climb usa today usa today',building_collapse
'more death toll factory collapse rise recovery go  official say',building_collapse
'over kill  factory collapse worker force ignore build danger',building_collapse
' end search survivor factory collapse kill',building_collapse
' collapse death toll pass',building_collapse
'fire erupt  build wreckage flame break out site last week build collapse in',building_collapse
'collapse build owner property seize  top court  ask',building_collapse
' death toll climb garment factory collapse clothe amp sear make',building_collapse
' toll top  more body have be',building_collapse
'toll  build collapse pass  more two day factory',building_collapse
' toll pass eu say may use trade leverage improvement work',building_collapse
' fire kill last survivor  factory collapse fire break out rubble ',building_collapse
'time want buy clothe or remember',building_collapse
' collapse survivor give up garment work woman who spend days trap t',building_collapse
'globalisation link factory store britain unmask commodity fetishism amp support worker organisation sweatshop',building_collapse
' build collapse death toll pass senior government official tell',building_collapse
'rush aid survivor build collapse  kill more people injure hundred a',building_collapse
'garment factory collapse  kill number rise brand must do better',building_collapse
'yay photo response suppose here photo hundred dead ',building_collapse
' build owner face murder complaint over collapse wife i garment worker who w',building_collapse
'collapse death toll now believe still miss',building_collapse
'el para en',building_collapse
'fire clothe factory capital  kill least people police say',building_collapse
'stop  factory collapse',building_collapse
'grief grind glory work',building_collapse
'more news now over kill',building_collapse
'death toll garment factory collapse surpass haunt photo disaster',building_collapse
' factory collapse',building_collapse
'factory manager order staff return work or lose pay wall journal',building_collapse
'de en',building_collapse
'fashion event amp why company amp consumer must',building_collapse
'toll  collapse above',building_collapse
'rescue operation find more still bury need heavy',building_collapse
'enough enough die measure may mark begin',building_collapse
'building owner person arrest connection collapse build  kill',building_collapse
' factory fire kill eight collapse toll top  eight people kill fire sweep',building_collapse
'factory tragedy rescue chief say building death toll now',building_collapse
'fashion low cost amp  death toll collapse garment factory pass',building_collapse
' police say death toll garment factory collapse top make build collapse',building_collapse
'feel bad recent purchase read happen',building_collapse
'india victim  collapse bury',building_collapse
'activist set up field hospital bed build collapse site specialist doctor',building_collapse
'death toll  factory collapse become worst tragedy garment industry history story',building_collapse
'death toll garment factory collapse now over people woman',building_collapse
'death toll pass  build collapse',building_collapse
'be buy product make people work death trap',building_collapse
'business breakfast ny time writer greenhouse worry garment plant listen live',building_collapse
'contact medical college amp hospital address road   phone',building_collapse
'death toll  factory collapse surpass',building_collapse
'disaster can lesson',building_collapse
' build collapse kill least garment worker',building_collapse
' end search factory collapse victim',building_collapse
' build collapse death toll may rescue worker continue',building_collapse
'toll build collapse top here latest  monday concern build',building_collapse
'profile md rana owner collapse build kill',building_collapse
'video hundred trap  build collapse',building_collapse
'death toll collapse clothe factory   wednesday amp expect',building_collapse
' textile industry reopen business shutdown trigger collapse factory compound',building_collapse
'crane clear  disaster site hop fade  crane begin clear wreckage o',building_collapse
' police detain engineer involve approve collapse building design ',building_collapse
'break police say death toll  build collapse surpass',building_collapse
'build collapse toll top read',building_collapse
'death toll  build collapse reach',building_collapse
' photo eight story factory build collapse kill injure',building_collapse
'fear dead  build collapse pope slam slave labour',building_collapse
'tear rage hope fade  collapse build rana plaza consider',building_collapse
'army help rescue   build collapse',building_collapse
'can contact company can refuse buy product work condition safe gar',building_collapse
'death toll climb  build collapse collapse  build house factory',building_collapse
'have agree sign safety accord refuse',building_collapse
'confirm death toll collapse garment factory rise above police continue search sit',building_collapse
'collapse build owner may face year jail   court',building_collapse
'death toll surge  garment factory collapse',building_collapse
'convince death certificate burial location news factory collapse',building_collapse
'tap startup window  factory',building_collapse
' rescuer say may have find survivor rubble days build collapse  ',building_collapse
'young woman give birth while trap rubble factory collapse last week',building_collapse
'profit first exploitation dead  collapse',building_collapse
'worker death add employee force work despite crack',building_collapse
' build collapse death toll hit  police  take six',building_collapse
'woman find rubble  factory day collapse',building_collapse
'medical expert say begum may out wood even pull rubble rana plaza',building_collapse
'boston terror bomb death toll people  build collapse death toll',building_collapse
'charity call more',building_collapse
'boss shock sadden hear death people  factory collapse',building_collapse
' build collapse fatality report fear trap  ',building_collapse
'emergency response day three relief  continue support coordinate',building_collapse
'arrest make  build collapse news home',building_collapse
'i collapse kill garment worker police  say least people have die an',building_collapse
'insight anger  factory disaster turn spotlight mp  i',building_collapse
'pray',building_collapse
' build collapse kill',building_collapse
'dozen more body found clothe factory build collapse bring death toll least',building_collapse
' outlook darken factory collapse delhi even',building_collapse
'beg please save me tie foot tie hand chop off saw plaza',building_collapse
'greed take precedence over common  factory collapse kill',building_collapse
' collapse toll still climb death toll build collapse  la',building_collapse
'police  collapse death surpass ',building_collapse
' rescuer give up find survivor collapse',building_collapse
'build collapse  kill',building_collapse
' factory collapse death toll cross',building_collapse
' mourn death toll climb country hold day mourn collapse clothe factory',building_collapse
' factory collapse prompt change garment industry',building_collapse
'latest headline  collapse toll pass',building_collapse
' official say death toll build collapse now top',building_collapse
'source woman find rubble day  build collapse',building_collapse
' factory collapse pay compensation',building_collapse
' minister factory collapse happen  finance',building_collapse
'woman pull  factory collapse day no injury',building_collapse
'death toll factory collapse  pass recovery operation continue',building_collapse
'owner nexus  politics business  crack',building_collapse
'par sur le no marque la catastrophe rana plaza',building_collapse
'death toll  factory build collapse pass recovery continue',building_collapse
'death factory collapse  exceed sweat shop produce good retailer',building_collapse
'death toll  build collapse rise more',building_collapse
'toll  collapse above here latest  monday concern',building_collapse
'toll  build collapse climb  save us brother beg brother',building_collapse
'couple who die arm  build collapse phot',building_collapse
'turn event engineer warn garment factory collapse arrest',building_collapse
'first interview  factory collapse ceo confirm company tie tragedy',building_collapse
' demonstrate garment factory collapse demonstrate blogger absurdity',building_collapse
'do do death toll over one worst disaster',building_collapse
' build collapse death toll rise above',building_collapse
'break  police say death toll garment factory collapse top',building_collapse
'cant good conscience buy sign garment factory safety pact',building_collapse
'report  rescuer say may have found survivor rubble days build collapse',building_collapse
'death toll  collapse top',building_collapse
'al un en',building_collapse
'sin de en el plaza rana',building_collapse
'pressure mount  clothe brand fix factory collapse',building_collapse
' factory build collapse death toll hit',building_collapse
'rescuer scour ruin  build collapse kill',building_collapse
'contrary galen weston think there nothing inevitable factory collapse',building_collapse
'least dead  build collapse usa today usa today least dead  b',building_collapse
'focus save live',building_collapse
'special news  build collapse kill more',building_collapse
'brand risk image response  factory collapse a',building_collapse
'anger garment factory collapse death toll go up',building_collapse
' search build collapse survivor press official  say least',building_collapse
're  look earthquake kill more poor country building collapse bad health',building_collapse
'petition factory collapse ensure safety amp compensate victim',building_collapse
' build toll rise four arrest  two factory boss two',building_collapse
'death toll garment factory collapse  reach police say',building_collapse
'factory build collapse  kill  worker trap wreckage',building_collapse
'eyewitness  photograph guardian eyewitness powell',building_collapse
'ensure worker safety amp compensate victim',building_collapse
'seven kill clothe factory fire police say last month build garment factory collapse',building_collapse
'i turn rescuer build collapse  heat i',building_collapse
'clothe firm compensate victim  build collapse',building_collapse
' garment factory owner warn evacuate collapse leave news',building_collapse
'mark amp spencer amp commit fire build safety agreement',building_collapse
'pain make blood tear dissident voice',building_collapse
' six arrest build collapse death toll hundred miss',building_collapse
' police say death toll garment factory collapse top',building_collapse
'over more body recover factory bring death toll accord authorities',building_collapse
' toll climb  toll climb',building_collapse
'woman who survive days trap rubble  factory collapse',building_collapse
' factory ignore evacuation order day collapse post',building_collapse
'death toll  build collapse rise above',building_collapse
'death toll rise build collapse  rescuer continue find survivor one country disaster',building_collapse
'la',building_collapse
'en el en  se para dress barn',building_collapse
'update dead so far dead body hand over relative survivor still trap inside',building_collapse
'woman found rubble  factory days collapse',building_collapse
' factory worker miracle survival  i official have',building_collapse
'european garment chain need worker die sign bind build safety agreement',building_collapse
' factory collapse build owner arrest fire break out',building_collapse
'listen old worker talk ordeal collapse death toll top',building_collapse
'fin de ration de rana plaza d',building_collapse
'collapse build owner arrest india border  owner',building_collapse
'orang rana plaza',building_collapse
'exclusive paper trail discover rana plaza rubble',building_collapse
'people die garment factory build collapse near  ',building_collapse
' garment industry flimsy oversight  build factory',building_collapse
'erupt over  build collapse',building_collapse
' underground football have decide donate profit rana',building_collapse
' fire kill collapse toll hit   fire garment factory bang',building_collapse
' factory collapse kill least people mango label found ruin',building_collapse
'garment worker crush death report union',building_collapse
' toll climb   death toll horrify col',building_collapse
'pray dead one still bury build',building_collapse
'least dead hundred hurt unknown number bury  build collapse',building_collapse
'woman found days rubble factory collapse',building_collapse
'bad building kill rana plaza case build practice',building_collapse
'death toll  build collapse top',building_collapse
'please pray victim disaster more people die build collapse more trap',building_collapse
'agree safety accord break fellow u retailer',building_collapse
'video visit garment factory amp press improve worker right',building_collapse
' fire kill collapse toll hit   fire garment factory',building_collapse
'pride pm do understand',building_collapse
'couple hug die collapse build ',building_collapse
'break search dead  collapse over kill worst garment industry disaster',building_collapse
'owner build collapse kill arrest border try flea india',building_collapse
'end miss  collapse',building_collapse
'embrace death aftermath garment factory collapse outskirts  ',building_collapse
'rana plaza',building_collapse
'break  rescuer confirm have free survivor build collapse day m',building_collapse
'wow  garment factory collapse death toll',building_collapse
'garment worker demonstrate hq exporter  demand arrest factory owner',building_collapse
' can learn york triangle factory fire time blog',building_collapse
'nov fire factory shareholder vote measure require safety report',building_collapse
'hindu  build collapse survivor found toll climb rescuer have locate',building_collapse
'woman garment worker find rubble build days collapse read more',building_collapse
'customer vow boycott  factory collapse',building_collapse
' defend collapse aid refusal  defend decision turn down help rescue',building_collapse
'death toll  build collapse climb above',building_collapse
'death toll  build collapse rise state news agency report',building_collapse
'break wire  rescuer say may have found survivor rubble day build collapse',building_collapse
'us headline  collapse toll pass',building_collapse
'no wonder clothe so',building_collapse
'picture dead garment factory collapse',building_collapse
' collapse toll pass death toll  worst accident pass',building_collapse
'update death toll rise today rescuer pull out survivor collapse build',building_collapse
'clothe brand scramble protect reputation disaster',building_collapse
'final embrace  factory collapse',building_collapse
'still miss  build collapse rescuer find more body concrete debris',building_collapse
'asia news  build collapse kill over build collapse wednesday out',building_collapse
'build collapse  people die injure do see',building_collapse
'death over thousand be mime even explain ur',building_collapse
'miracle rescue worker site garment factory collapse  kill over people',building_collapse
'build collapse  kill trap more globe mail globe',building_collapse
'slave labour pope pontifex denounce condition worker follow build collapse',building_collapse
'de de',building_collapse
'dozens more body find clothe factory build collapse bring death toll least',building_collapse
' rescue operation near end collapse death toll series',building_collapse
'over kill  factory collapse worker force ignore building danger',building_collapse
' collapse toll above death toll build collapse  last',building_collapse
' prime minister call punishment build collapse',building_collapse
'member post weep  build collapse',building_collapse
'wrench photo death toll now factory collapse',building_collapse
'break news least dead  build collapse more detail',building_collapse
'couple die arm  build collapse incident',building_collapse
'build collapse  leave score dead',building_collapse
' rescuer confirm have free survivor build collapse days',building_collapse
'man haunt trauma see off woman hand save collapse',building_collapse
'price clothe  factory collapse brief',building_collapse
'mt info brand factory fire check out labor amp human right',building_collapse
' build collapse kill score york time york build collapse kill s',building_collapse
'eu consider trade action  factory collapse european union',building_collapse
'thousand protest collapse thousand protest safety problem plague  garment',building_collapse
'viewpoint  disaster west build rana plaza c',building_collapse
' factory collapse death toll top fuck',building_collapse
'take action demand justice victim  build collapse sign petition',building_collapse
'least dead wednesday build collapse military say',building_collapse
'existentialist photograph reality nonexistence',building_collapse
'report factory build collapse kill more people uncover violation',building_collapse
'death toll factory collapse rise official',building_collapse
'shock garment factory collapse death toll go up',building_collapse
'al de persona el de rana plaza',building_collapse
'death toll garment disaster cross',building_collapse
'outrage follow factory collapse  lead work condition viewpoint current tv',building_collapse
'story western retailer tie factory build step up help victim',building_collapse
' factory collapse death toll hit',building_collapse
'rain disrupt salvage work  collapse houston chronicle',building_collapse
' rescuer confirm have free survivor build collapse day',building_collapse
'death toll  factory collapse cross sound like world trade centre even dull indian se',building_collapse
'labor right turn up pressure sign landmark safety plan',building_collapse
'arrest build collapse protest spread  police  arrest t',building_collapse
'news   build collapse leave dead price',building_collapse
'least dead  build collapse usa today clarification',building_collapse
'european us retailer split reform plan dead people enough agree',building_collapse
'upload  build collapse live',building_collapse
'think oklahoma  still recover build collapse',building_collapse
'consider worker right light death toll build',building_collapse
'take custody  collapse',building_collapse
'collapse sign life  rescuer extend search survivor collapse build',building_collapse
'prayer go out people affect build collapse  shame owner take',building_collapse
' factory reopen collapse  reopen garment firm rush complete',building_collapse
'international worker day tribute  factory collapse victim',building_collapse
' collapse survivor finish factory work',building_collapse
'death toll build collapse  continue mount outcry grow sub',building_collapse
'death toll pass  collapse york time',building_collapse
'dozen dead collapse',building_collapse
'wear today',building_collapse
'who affect loss live build collapse',building_collapse
' build collapse kill more',building_collapse
' face loss u tariff break labor condition agency',building_collapse
'news  build collapse death toll pass',building_collapse
'sister donate victim dead help need',building_collapse
' build collapse toll top i police investigate possible murder charge',building_collapse
'horrify death toll now factory collapse',building_collapse
'survivor  build collapse slide safety use roll fabric escape chute',building_collapse
'army say dead  build collapse  build house se',building_collapse
' build collapse flee owner heart',building_collapse
'increase pressure western retailer improve condition factory',building_collapse
'n make en no en',building_collapse
'i engineer arrest build collapse  ',building_collapse
' death toll exceed factory collapse us retailer refuse safety standard',building_collapse
' garment factory collapse kill least build clothe a',building_collapse
'commercial build collapse dead fear trap',building_collapse
'must address haunt video search factory collapse',building_collapse
'sue smith host cherry locker room comment tristan clothe  factory collapse',building_collapse
'rana plaza collapse fashion blogger can make difference',building_collapse
' build collapse kill least three injure least three people kill an',building_collapse
'chief interview here build collapse',building_collapse
'catastrophe de dacca le marque',building_collapse
'huff post live est discuss  factory collapse',building_collapse
'ceo confirm company connection  factory collapse',building_collapse
' factory ignore evacuation order day collapse',building_collapse
'picture dozen rescue build toll soar',building_collapse
' build collapse boss engineer hold death toll',building_collapse
'least kill more fear trap build collapse   official say',building_collapse
'desperate search continue  build collapse indian search',building_collapse
'more police  say body have be recover build collapse km sa',building_collapse
'report survivor be pull rubble day factory collapse',building_collapse
'dozen kill collapse  garment complex',building_collapse
'survivor found garment collapse days get well',building_collapse
'protest spread  arrest  police  arrest two owner',building_collapse
'official confirm least people die build collapse die factory blaze',building_collapse
'international death toll build collapse now exceed proportion ignore',building_collapse
'break fire kill last survivor  build collapse',building_collapse
'think amp prayer victim family amp tragedy',building_collapse
'rana owner rana plaza arrest',building_collapse
'murder complaint  build collapse irish time complaint  build',building_collapse
'generator behind build collapse ',building_collapse
' workplace catastrophe',building_collapse
'more survivor  build collapse',building_collapse
'build collapse death toll near',building_collapse
' build collapse kill least injure more',building_collapse
'people now know have die clothe factory build collapse',building_collapse
'heart amp prayer go build collapse',building_collapse
'  build collapse leave dead news  build collapse leave',building_collapse
'rana plaza amp orang ba',building_collapse
'death toll  build collapse cross',building_collapse
'tango',building_collapse
'death toll near  build collapse death toll build collapse near',building_collapse
' build collapse relative identify remain video',building_collapse
' build collapse surpass dead recovery more victim bring toll',building_collapse
'well least shirt liberal mt  factory collapse death toll',building_collapse
'arrest over  build collapse two owner garment factory build collapse ',building_collapse
'prayer family effect collapse build ',building_collapse
'death miracle factory',building_collapse
'break rescue room collapse compound',building_collapse
' build collapse death toll near army',building_collapse
'survive hell  factory collapse  so tire have b',building_collapse
'update garment collapse death toll surpass say army',building_collapse
'death toll  build collapse climb',building_collapse
'canadian company compensate  build collapse victim',building_collapse
'search reveal kill factory build collapse ',building_collapse
'rise worker worker force go work despite cr',building_collapse
'wake factory tragedy check out us make boycott regulate li',building_collapse
' factory build collapse kill crack detect structure yesterday',building_collapse
'sale',building_collapse
'post  build collapse leave dead',building_collapse
'fire break out collapse factory   fire break out sunday',building_collapse
'death toll  build collapse  deep crack wa',building_collapse
'victim  collapse bury',building_collapse
'khan make claim opposition shake pillar factor',building_collapse
' build collapse death dismay rescuer',building_collapse
' picture day',building_collapse
'days  factory collapse rescue worker have free woman trap rubble',building_collapse
'think who have lose live follow build collapse',building_collapse
'poll find shock number american  clothe factory collapse',building_collapse
' garment factory collapse toll pass kill more body find wreckage',building_collapse
' garment factory collapse raise question consumer choice',building_collapse
'update death toll factory collapse  pass',building_collapse
' build collapse kill least three',building_collapse
'break death toll  factory collapse soar past recovery operation continue m',building_collapse
'woman pull rubble  build collapse day',building_collapse
'news   build collapse leave dead',building_collapse
'see blood label hear cry death garment factory collapse',building_collapse
'fire service explain why do use specialist donor fund search rescue camera',building_collapse
'search  collapse end death toll',building_collapse
'latest survivor found day identify take military hospital',building_collapse
'death toll reach  build collapse',building_collapse
'distance connection true state be death toll now let keep focus',building_collapse
'jesus death toll  build collapse top',building_collapse
'update least people kill  build collapse army official say',building_collapse
'update death toll factory collapse pass',building_collapse
'fire break out collapse factory   fire break out sunday i',building_collapse
'china news death toll  collapse top',building_collapse
'can activist respond tragedy high pressure campaign target brand case study',building_collapse
'desperate hunt survivor ruin collapse build four days collapse ',building_collapse
'garment factory build collapse  dead tv',building_collapse
'garment worker have walk out factory protest build collapse kill',building_collapse
' end search survivor build collapse body recover',building_collapse
'collapse build owner may face years jail   court',building_collapse
'question ask factory leave so pay clothe  build collapse kill',building_collapse
'retail board canada update guideline wake  factory collapse',building_collapse
'collapse build owner arrest india border  owner build',building_collapse
'amp profit first exploitation dead  collapse',building_collapse
'wow  rescuer confirm have free survivor build collapse day',building_collapse
'toll  build collapse climb',building_collapse
'do us retailer hope forget tragedy more w sit est',building_collapse
'man placard outside oxford die so wear clothe power',building_collapse
'woman take military hospital be pull build collapse day',building_collapse
'us consider revoke  trade status month collapse kill more',building_collapse
'death toll garment factory build collapse rise above official say',building_collapse
'ensure safety worker amp compensate victim build collapse ',building_collapse
'worker pin  rubble cry rescue  save us brother beg brother',building_collapse
'break news  factory collapse death toll surpass',building_collapse
'build collapse kill up three people trap more accord agency more',building_collapse
'dacca rana plaza il',building_collapse
'owner collapse build capture   fugitive owner',building_collapse
'find find information  factory collapse need know full story presentation',building_collapse
'build collapse more body retrieve death toll now',building_collapse
'least confirm dead build collapse worker recover body',building_collapse
'death toll rise past  factory collapse',building_collapse
'arrest death toll  reach  two owner garment',building_collapse
'il con il le dive si le fare',building_collapse
' death toll rise above death toll  build collapse two week now',building_collapse
'mobile phone find switch off minutes rescue',building_collapse
'confirm death toll collapse garment factory rise above police continue search site',building_collapse
' woman rescue year build collapse',building_collapse
'  build collapse leave dead news',building_collapse
'champion dead  build collapse death toll wednesday',building_collapse
'death toll  factory collapse site hit factory close safety crackdown',building_collapse
' build collapse death toll climb',building_collapse
'clothe brand react  build collapse',building_collapse
'toll  build collapse pass',building_collapse
'over people dead build collapse  week',building_collapse
'more dead build collapse death toll build collapse  two week',building_collapse
'top story  factory woman found rubble day collapse',building_collapse
' collapse toll pass death toll collapse factory build near',building_collapse
'eu consider trade action  factory collapse',building_collapse
'eight top retailer fail sign safety accord',building_collapse
'dead  collapse death toll build collapse near i capital',building_collapse
' blame owner build collapse',building_collapse
' end search collapse victim    military end se',building_collapse
'heavy machinery blame  collapse result inquiry  collapse',building_collapse
'break news death toll  build collapse',building_collapse
'find survival today  build collapse',building_collapse
'fear dead  collapse  rescuer say more',building_collapse
'fast dead shop  factory collapse',building_collapse
'death toll  build collapse rise state news agency report so',building_collapse
'need peace',building_collapse
'worst disaster history least kill build collapse video',building_collapse
'labor de en',building_collapse
'cent estimate cost piece clothe prevent disaster like',building_collapse
' build collapse kill least collapse build ',building_collapse
' build collapse touch',building_collapse
' factory collapse blame grind heavy machinery',building_collapse
'race time  factory build collapse site',building_collapse
'build call killer plaza rana plaza more people have die still count',building_collapse
'dozen kill  build collapse least people have die have be injure an',building_collapse
' factory build collapse kill',building_collapse
'analysis  still work retailer despite disaster factory collapse',building_collapse
'trend  build collapse death toll rise',building_collapse
'dead build collapse  search survivor continue one th',building_collapse
'corporation  build collapse may two week rana plaza build',building_collapse
' close garment factory safety grind build collapse kill over',building_collapse
'confirm victim build collapse worst disaster manufacture history',building_collapse
'may day love amp worker',building_collapse
' rescue operation near end collapse death toll',building_collapse
'encourage people take action amp demand justice victim  build collapse',building_collapse
'rana plaza orang',building_collapse
' build collapse toll rise  build collapse toll rise',building_collapse
'find  build collapse',building_collapse
'crack find  factory now know cause collapse',building_collapse
'death toll  build collapse rise rescuer say more still trap rubble',building_collapse
'press  build collapse death toll hit',building_collapse
' build collapse toll hit',building_collapse
'spend more clothe stop factory fire build collapse',building_collapse
'death toll rana plaza collapse now double triangle shirtwaist',building_collapse
'analysis  still work retailer despite disaster factory collapse bang',building_collapse
' rana plaza worker sew clothe build collapse',building_collapse
' factory collapse death',building_collapse
'rescue collapse build doctor say shell make complete recovery',building_collapse
'haunt upset photo final embrace death  collapse',building_collapse
'best way avoid incident like one  suggestion valuable',building_collapse
'rescuer still hope survivor  collapse death toll collapse hover',building_collapse
' fire kill last survivor  factory collapse fire break out rubble',building_collapse
'say offer compensation factory collapse victim',building_collapse
' factory collapse pope slam slave labor',building_collapse
'number people kill  build collapse rise above good may',building_collapse
'demo tomorrow oxford demand compensation victim  build collapse',building_collapse
' build collapse show condition garment industry link retailer',building_collapse
'high cost labor  factory collapse victim found final embrace image',building_collapse
'over people have die  factory collapse',building_collapse
'nab fugitive build owner al english fugitive owner',building_collapse
'death toll rise here live blog social medium update rescue effort',building_collapse
'post photo album   collapse death toll pass',building_collapse
'dead  garment factory collapse  build house',building_collapse
' build collapse shatter live victim family  speak loss',building_collapse
'couple embrace find remain collapse build',building_collapse
'factory collapse  photo destruction despair rescue',building_collapse
'build collapse death toll pass senior government official tell',building_collapse
'woman found rubble last month  factory collapse kill people rescue official say',building_collapse
'die garment factory collapse  do more prevent tragedy',building_collapse
'al el de un en',building_collapse
'collapse clothe factory  sting action firm who have clothe make there',building_collapse
' factory build collapse kill over injure hundred',building_collapse
'toll  build collapse pass jakarta post',building_collapse
'story garment factory owner ignore crack build send worker death',building_collapse
'kill  build collapse',building_collapse
'death toll top  build collapse body now recover',building_collapse
'turn latest local news amaze story survival  factory',building_collapse
' panel recommend life prison over build collapse',building_collapse
'ensure safety garment worker or stain cloth blood',building_collapse
'build collapse leave dead ',building_collapse
'protest spread  arrest  police  arrest two',building_collapse
'toll  build collapse climb  save u brother beg brother',building_collapse
'appropriate punishment fir capture rana plaza owner put inside rubble day then jail',building_collapse
'fire  collapse halt rescue effort',building_collapse
'toll rise dead  build collapse',building_collapse
'death toll top  build collapse body now recover  ',building_collapse
'break toll rise dead  build collapse worker use crane remove rubble m',building_collapse
' vow reform follow factory collapse',building_collapse
'ceo glenn murphy still wont sign fire amp safety plan share ad now',building_collapse
'india news  build collapse arrest  build collapse',building_collapse
'people still miss build collapse  ',building_collapse
'medical supply need build collapse victim detail include picture',building_collapse
'rana plaza total orang',building_collapse
'factory make clothe kill',building_collapse
'break news woman find week build collapse  official sa',building_collapse
'rescuer still hope survivor  collapse death toll collapse hover rescue',building_collapse
' worker confirm have found free survivor build collapse day',building_collapse
' build collapse toll rise authorities say may take five days clear rub',building_collapse
'news  collapse toll pass number kill collapse factory build bang',building_collapse
' ease trade union laws factory build collapse',building_collapse
'close garment factory safety ground build collapse kill over',building_collapse
'update  factory collapse kill people',building_collapse
'death toll fire pass haunt image victim final embrace word',building_collapse
' build collapse',building_collapse
'tear rage hope fade  collapse build rana plaza consider de',building_collapse
'request lot flashlight electric lantern need rescue effort night build collapse site',building_collapse
' factory collapse engineer arrest engineer warn build  un',building_collapse
'worst outcome dead capitalism story build collapse yesterday april bank',building_collapse
'dark tragedy happen make look beauty amp wear',building_collapse
' factory safety scrutiny collapse  reel death hundred ga',building_collapse
'en el rana plaza en  en  se han de el',building_collapse
'engineer detain build collapse  police say have detain q',building_collapse
'update collapse sign life  rescuer extend search survivor collapse',building_collapse
' build collapse death toll hit   rescuer sunday',building_collapse
'rana plaza orang ',building_collapse
'kill  factory collapse bet there more camera outside steward hear',building_collapse
'government probe blame construction material code violation  build collapse',building_collapse
'score dead  build collapse',building_collapse
'dead  garment factory collapse free content',building_collapse
'break rescuer say have found survivor factory rubble day collapse',building_collapse
'behind  rana plaza tragedy',building_collapse
' factory collapse why woman endure danger make clothe west one',building_collapse
'report fire kill last survivor  build collapse country fire chief say',building_collapse
' build collapse death toll top',building_collapse
'plan more action  build collapse co canada food retailer',building_collapse
'government minister say death toll  build collapse rise',building_collapse
'be get word there may have found over week',building_collapse
'no more survivor  tragedy  rescue worker  h',building_collapse
'effort find survivor  collapse end official it now body recovery debris removal o',building_collapse
'death toll top  factory collapse latest death toll come recovery effort continue a',building_collapse
'toll reach survivor trap inside collapse build rescuer inform',building_collapse
'gary collapse sign life  rescuer extend search survivor collapse gary',building_collapse
'collapse factory  kill people moral indictment clothe industry',building_collapse
'rush aid survivor build collapse  kill more people injure hundred leave more still trap',building_collapse
' build owner face murder complaint over collapse  wife i',building_collapse
'haunt image read mean photographer  garment factory death toll pass',building_collapse
'high cost clothe fact behind build collapse  hundred d',building_collapse
' fire kill collapse toll hit',building_collapse
' factory collapse owner build arrest    authority have',building_collapse
' factory collapse happen have health safety law tory uk',building_collapse
'sign bind pact aim improve safety',building_collapse
'more police  say body have be recover build collapse k',building_collapse
'photo survivor found  collapse photo survivor find ',building_collapse
'owner collapse factory arrest while try flee india death toll now',building_collapse
'use ngo support worker say expert',building_collapse
'toll  build collapse pass least garment worker still corpse',building_collapse
'en de',building_collapse
' pm visit factory collapse site',building_collapse
' build collapse death toll pass',building_collapse
'engineer hold  build collapse police  arrest two owner garment factor',building_collapse
'death toll pass  collapse one thousand live profit clothe us',building_collapse
' toll pass eu say may use trade leverage improvement work c',building_collapse
' toll top  toll top associate',building_collapse
'listen interview survivor',building_collapse
'brand revisit concern over  build collapse fox business',building_collapse
' disaster put pressure fashion store paris collapse  garment factory ha',building_collapse
'viewer discretion hold back tear see scene day',building_collapse
'national day mourn be declare build collapse kill least people',building_collapse
'dozens more body found clothe factory build collapse bring death toll least',building_collapse
'pull out factory wake tragedy',building_collapse
'gallery photo week include california wildfire  build collapse th',building_collapse
'de en de',building_collapse
'family protest use heavy machinery  tribune',building_collapse
'heart go out victim tragedy try establish fund woman amp child',building_collapse
'protester demand action factory owner death while hundred remain miss rubble',building_collapse
'greed government greed over dead who know real number',building_collapse
'idea scale one section top floor still believe trap',building_collapse
' build collapse death toll rise near',building_collapse
' arrest exec kill collapse  police arrest',building_collapse
'least people confirm dead  build collapse rescuer search survivor',building_collapse
'western retailer link factory collapse  video',building_collapse
' factory build collapse kill over injure hundred ',building_collapse
'sadden clothe giant confirm one supplier base collapse factory',building_collapse
' factory collapse lack power kill',building_collapse
'say retailer must make change collapse garment factory  kill',building_collapse
'desperate search continue  build collapse',building_collapse
' build collapse opposition demand probe disaster owner',building_collapse
'death toll  build collapse surge past engineer arrest',building_collapse
'woman rescue  rubble day build',building_collapse
'bravo pour reflexion sur le petite ',building_collapse
'label german retailer found rubble supply chain now count close death month',building_collapse
'cleveland kidnap normalize dehumanization woman dead  build collapse',building_collapse
'hundred kill  factory collapse',building_collapse
' rana plaza factory collapse toll pass',building_collapse
'minute image garment factory worker',building_collapse
'build collapse ',building_collapse
'photo  build collapse',building_collapse
'apr la die de le en le sur son placard',building_collapse
'build owner send police',building_collapse
' factory collapse last week here good resource find out brand be',building_collapse
' build collapse ovum still miss ovum rescue heart go out',building_collapse
'la de en el de',building_collapse
'prayer victim tragedy tough time',building_collapse
'death toll last month collapse  garment factory complex pass pile body find',building_collapse
'day trap  factory collapse woman be rescue',building_collapse
'death toll factory collapse pass police say',building_collapse
'people list miss  build collapse army general say',building_collapse
'two corps found monday night heavy equipment dig rubble rana plaza',building_collapse
' garment factory collapse kill people',building_collapse
'rescue worker free survive woman name collapse build  day collapse',building_collapse
'al al un de   al persona',building_collapse
'least die rana plaza disaster more have die fire',building_collapse
'death toll  factory collapse pass',building_collapse
'van de el de un de en',building_collapse
'photo survivor find  collapse associate press work rescuer h',building_collapse
'break police  say death toll build collapse top',building_collapse
'death toll reach  rana plaza collapse',building_collapse
' build collapse toll top',building_collapse
'shareholder reject supplier safety proposal lead cost',building_collapse
'collapse rana plaza factory  two week be hail',building_collapse
'break death toll  build collapse reach disbursement lose wage begin',building_collapse
'die clothe  rana plaza tragedy world want image sum up true',building_collapse
'look garment industry challenge face count cost',building_collapse
'rescue arrest build collapse  police say have take five people',building_collapse
' collapse build owner arrest cheer break out scene collapse factory news a',building_collapse
'day crack find  factory collapse leave dead',building_collapse
'hundred  garment worker walk out protest sweatshop factory death now',building_collapse
' collapse toll pass',building_collapse
'people rescue room collapse factory compound ',building_collapse
'death toll collapse  build house garment factory near',building_collapse
' collapse survivor demand pay toll top daily news',building_collapse
'factory dead  garment factory collapse',building_collapse
' fire kill collapse toll hit  fire kill collapse toll hit',building_collapse
'revenge tip get culprit inside concrete trap like rana plaza amp let em feel',building_collapse
' build collapse death toll pass still miss',building_collapse
'se en hay al',building_collapse
'build worker collapse white western world news fo',building_collapse
' factory collapse kill over revive safety question factory',building_collapse
'arrest  plant collapse visit',building_collapse
'high rise build collapse  cause death so wind un',building_collapse
'factory tragedy it time international minimum wage muhammad',building_collapse
'statement observer miss people transport body bloody people',building_collapse
'build collapse toll hit',building_collapse
' build owner face murder complaint over collapse',building_collapse
'over worker dead talk blood diamond now talk blood',building_collapse
'petition demand sign factory safety plan',building_collapse
'authorities discuss no doubt majority more garment worker kill',building_collapse
'hospital need',building_collapse
'people kill collapse  factory one disaster',building_collapse
'factory inside collapse build  collapse build house garment factory',building_collapse
'death toll garment build factory collapse  pass official say',building_collapse
'number people kill  build collapse rise above official say',building_collapse
'die more cry help  collapse',building_collapse
'death toll  build collapse climb over',building_collapse
'blood hand  tell compensate rana plaza victim now',building_collapse
' owner nexus politics business  crack build appear e',building_collapse
'  rescuer say may have found survivor rubble day build collapse',building_collapse
' factory fire kill collapse toll hit  eight people kill fir',building_collapse
'cause  factory collapse reveal',building_collapse
'admit involvement activist demand action  death toll rana plaza in',building_collapse
'plaza scam involve rana cause pa row',building_collapse
'in  build collapse death toll pass',building_collapse
' build collapse kill least death toll now least',building_collapse
'tragedy garment sector support need',building_collapse
'build more permafrost while build sink',building_collapse
' collapse toll pass number people kill collapse factory build',building_collapse
'break  rescuer say may have found survivor rubble day build collapse m',building_collapse
'profile rana plaza owner mohammad rana',building_collapse
'industry',building_collapse
' build collapse death toll near  police  take five',building_collapse
' police interrogate building owner   court give p',building_collapse
'death toll garment factory collapse now woman',building_collapse
'even say rana build owner politician',building_collapse
'police have order evacuation doom  sweatshop day collapse',building_collapse
'survive hell  factory collapse',building_collapse
'ilo send mission  follow rana plaza build collapse',building_collapse
'collapse final stage recovery operation',building_collapse
' build collapse death toll rise',building_collapse
' garment disaster death toll near   death toll collapse',building_collapse
'death toll rise  build collapse bangkok post',building_collapse
' build collapse people find rubble guardian',building_collapse
'rana plaza pa',building_collapse
'video anger  factory collapse anger collapse rana plaza garment factory trigger',building_collapse
'u raise worker safety issue  build collapse aftermath build',building_collapse
'fire break out build die there lot ways die amp',building_collapse
'news rescuer  have find survivor  factory collapse day',building_collapse
'army say search body collapse build end monday victim',building_collapse
' factory collapse death toll hit death toll garment factory build collapse',building_collapse
'woman pull  build collapse identify',building_collapse
'boycott product',building_collapse
'rana plaza disaster rise violence speak lose',building_collapse
' uk rescue aid reject factory collapse',building_collapse
'death toll rise factory collapse injure',building_collapse
'holy fuck update garment factory collapse death toll surpass say army',building_collapse
' build collapse death toll hit',building_collapse
'break poor quality construction material blame  build collapse kill people',building_collapse
'collapse factory build permit report',building_collapse
' factory owner arrest collapse kill',building_collapse
' factory collapse baby bear rubble four day hundred worker trap',building_collapse
'build collapse  house garment factory dead',building_collapse
'haunt photo  factory collapse',building_collapse
'ada  rana plaza',building_collapse
'more death toll soar past garment factory disaster',building_collapse
